Workbook

Sheet ALL
A1: FiscalYear | B1: StartPublishYear | C1: StartMonthCode | D1: DOI | E1: ISSN | F1: SourceName | G1: Volume | H1: Issue | I1: StartPage | J1: EndPage | K1: PublishID (STG_Publication) | L1: Output_ENTH | M1: AbstractEN | N1: PublishClass | O1: seq | P1: ResearcherCode | Q1: StaffName | R1: Department | S1: FacultyID (STG_Faculty) | T1: SectionID | U1: SectionName | V1: ShortName | W1: ThName | X1: ThSurName | Y1: FirstNameEng | Z1: SurNameEng | AA1: Q_SJR 2022 | AB1: Q_SJR SNA | AC1: SectionName.VET | AD1: Impacfactor | AE1: Species | AF1: Position | AG1: Department_VETKU | AH1: Scopus | AI1: Country | AJ1: Journal | AK1: Name | AL1: Level Inter | AM1: Level Nation
A2: 2015 | B2: 2015 | C2: 1 | D2: - | E2: 10112367 | F2: Asian-Australasian Journal of Animal Sciences | G2: 28 | H2: 1 | I2: 14 | J2: 19 | K2: 14813 | L2: Genetic diversity and population structure in native chicken populations from Myanmar, Thailand and Laos by using 102 indels markers | M2: The genetic diversity of native chicken populations from Myanmar, Thailand, and Laos was examined by using 102 insertion and/or deletion (indels) markers. Most of the indels loci were polymorphic (71% to 96%), and the genetic variability was similar in all populations. The average observed heterozygosities (HO) and expected heterozygosities (HE) ranged from 0.205 to 0.263 and 0.239 to 0.381, respectively. The coefficients of genetic differentiation ( Gst) for all cumulated populations was 0.125, and the Thai native chickens showed higher Gst (0.088) than Myanmar (0.041) and Laotian (0.024) populations. The pairwise Fst distances ranged from 0.144 to 0.308 among populations. A neighbor-joining (NJ) tree, using Nei's genetic distance, revealed that Thai and Laotian native chicken populations were genetically close, while Myanmar native chickens were distant from the others. The native chickens from these three countries were thought to be descended from three different origins ( K = 3) from STRUCTURE analysis. | N2: International | O2: 7 | Q2: Okamoto, S. | V2: {=_xludf.XLOOKUP(W2,KUVET_Researcher!E:E,KUVET_Researcher!L:L," ",0)} -> #NAME? | W2: {=_xludf.XLOOKUP(P2,KUVET_Researcher!A:A,KUVET_Researcher!E:E," ",0)} -> #NAME? | X2: {=_xludf.XLOOKUP(P2,KUVET_Researcher!A:A,KUVET_Researcher!F:F," ",0)} -> #NAME? | Y2: {=_xludf.XLOOKUP(W2,KUVET_Researcher!E:E,KUVET_Researcher!G:G," ",0)} -> #NAME? | Z2: {=_xludf.XLOOKUP(X2,KUVET_Researcher!F:F,KUVET_Researcher!H:H," ",0)} -> #NAME? | AA2: {=_xludf.XLOOKUP(F2,Sheet6!A:A,Sheet6!D:D,"ไม่พบ",0)} -> #NAME? | AB2: {=_xludf.XLOOKUP(F2,SNAreseachV1!G:G,SNAreseachV1!N:N," ",0)} -> #NAME? | AD2: {=_xludf.XLOOKUP(F2,SNAreseachV1!G:G,SNAreseachV1!O:O,"ไม่พบ",0)} -> #NAME? | AE2: {=_xludf.XLOOKUP(L2,SNAreseachV1!C:C,SNAreseachV1!F:F,"ไม่พบ",0)} -> #NAME? | AH2: {=_xludf.XLOOKUP(K2,PubFromDB!A:A,PubFromDB!K:K," ",0)} -> #NAME? | AI2: {=_xludf.XLOOKUP(F2,Sheet6!A:A,Sheet6!C:C,"ไม่พบ",0)} -> #NAME? | AL2: 1
A3: 2015 | B3: 2015 | C3: 1 | D3: 10.1186/s12917-015-0321-0 | E3: 17466148 | F3: BMC Veterinary Research | G3: 11 | H3: 5 | I3: 1 | J3: 7 | K3: 14952 | L3: Stability of 3-bromotyrosine in serum and serum 3-bromotyrosine concentrations in dogs with gastrointestinal diseases | M3: Background 3-Bromotyrosine (3-BrY) is a stable product of eosinophil peroxidase and may serve as a marker of eosinophil activation. A gas chromatography/mass spectrometry method to measure 3-BrY concentrations in serum from dogs has recently been established and analytically validated. The aims of this study were to determine the stability of 3-BrY in serum, to determine the association between peripheral eosinophil counts and the presence of an eosinophilic infiltrate in the gastrointestinal tract, and to compare serum 3-BrY concentrations in healthy dogs (n?=?52) and dogs with eosinophilic gastroenteritis (EGE; n?=?27), lymphocytic-plasmacytic enteritis (LPE; n?=?25), exocrine pancreatic insufficiency (EPI; n?=?26), or pancreatitis (n?=?27). Results Serum 3-BrY concentrations were stable for up to 8, 30, and 180 days at 4?C, ?20?C, and ?80?C, respectively. There was no significant association between peripheral eosinophil count and the presence of eosinophils in the GI tissues (P?=?0.1733). Serum 3-BrY con | N3: International | O3: 1 | P3: 510108 | Q3: รศ.ดร.พันพิชา สัตถาสาธุชนะ | R3: คณะสัตวแพทยศาสตร์ บางเขน ภาควิชาเวชศาสตร์คลินิกสัตว์เลี้ยง | S3: 10 | T3: 15 | U3: ภาควิชาเวชศาสตร์คลีนิคสัตว์เลี้ยง | V3: {=_xludf.XLOOKUP(W3,KUVET_Researcher!E:E,KUVET_Researcher!L:L," ",0)} -> #NAME? | W3: {=_xludf.XLOOKUP(P3,KUVET_Researcher!A:A,KUVET_Researcher!E:E," ",0)} -> #NAME? | X3: {=_xludf.XLOOKUP(P3,KUVET_Researcher!A:A,KUVET_Researcher!F:F," ",0)} -> #NAME? | Y3: {=_xludf.XLOOKUP(W3,KUVET_Researcher!E:E,KUVET_Researcher!G:G," ",0)} -> #NAME? | Z3: {=_xludf.XLOOKUP(X3,KUVET_Researcher!F:F,KUVET_Researcher!H:H," ",0)} -> #NAME? | AA3: {=_xludf.XLOOKUP(F3,Sheet6!A:A,Sheet6!D:D,"ไม่พบ",0)} -> #NAME? | AB3: {=_xludf.XLOOKUP(F3,SNAreseachV1!G:G,SNAreseachV1!N:N," ",0)} -> #NAME? | AC3: ภาควิชาเวชศาสตร์คลีนิคสัตว์เลี้ยง | AD3: {=_xludf.XLOOKUP(F3,SNAreseachV1!G:G,SNAreseachV1!O:O,"ไม่พบ",0)} -> #NAME? | AE3: {=_xludf.XLOOKUP(L3,SNAreseachV1!C:C,SNAreseachV1!F:F,"ไม่พบ",0)} -> #NAME? | AF3: {=_xludf.XLOOKUP(L3,SNAreseachV1!C:C,SNAreseachV1!I:I," ",0)} -> #NAME? | AG3: คณะสัตวแพทยศาสตร์ | AH3: {=_xludf.XLOOKUP(K3,PubFromDB!A:A,PubFromDB!K:K," ",0)} -> #NAME? | AI3: {=_xludf.XLOOKUP(F3,Sheet6!A:A,Sheet6!C:C,"ไม่พบ",0)} -> #NAME? | AJ3: BMC Veterinary Research | AK3: Stability of 3-bromotyrosine in serum and serum 3-bromotyrosine concentrations in dogs with gastrointestinal diseases | AL3: 1
A4: 2015 | B4: 2015 | C4: 1 | D4: "-" | E4: 1256491 | F4: Thai Journal of Veterinary Medicine | G4: 45 | H4: 1 | I4: 1 | J4: 10 | K4: 15410 | L4: Effects of immunization against gonadotropin releasing hormone on reproductive functions in male rusa deer (Rusa timorensis) | M4: We performed an evaluation of the effect of gonadotropin releasing hormone (GnRH) vaccine on male rusa deer reproductive function. Mature male rusa deer (Rusa timorensis) were divided into two groups: untreated group (n=3) and treated group (n=7). The treated rusa deer were administered with two ml of the GnRH-protein conjugate vaccine (Improvac?; 200 ?g/ml). The vaccine was injected subcutaneously into the treated group three times at four- week intervals (April, May and June) and an additional single dose booster was given after a decrease in GnRH antibody levels was detected (October). Blood testosterone concentrations and GnRH antibody titer were determined before the vaccination. Following that, a series of blood collection and evaluation was done for one year. In addition, we conducted a series of semen collection and evaluation, testicular size measurement and antler development recording in all deer for one year. Our results indicated that the level of GnRH antibody significantly increased (p<0.05) co | N4: International | O4: 1 | P4: 420141 | Q4: รศ.ดร.นิกร ทองทิพย์ | R4: คณะสัตวแพทยศาสตร์ บางเขน ภาควิชาเวชศาสตร์คลีนิคสัตว์ใหญ่และสัตว์ป่า | S4: 10 | T4: 17 | U4: ภาควิชาเวชศาสตร์คลีนิคสัตว์ใหญ่และสัตว์ป่า | V4: {=_xludf.XLOOKUP(W4,KUVET_Researcher!E:E,KUVET_Researcher!L:L," ",0)} -> #NAME? | W4: {=_xludf.XLOOKUP(P4,KUVET_Researcher!A:A,KUVET_Researcher!E:E," ",0)} -> #NAME? | X4: {=_xludf.XLOOKUP(P4,KUVET_Researcher!A:A,KUVET_Researcher!F:F," ",0)} -> #NAME? | Y4: {=_xludf.XLOOKUP(W4,KUVET_Researcher!E:E,KUVET_Researcher!G:G," ",0)} -> #NAME? | Z4: {=_xludf.XLOOKUP(X4,KUVET_Researcher!F:F,KUVET_Researcher!H:H," ",0)} -> #NAME? | AA4: {=_xludf.XLOOKUP(F4,Sheet6!A:A,Sheet6!D:D,"ไม่พบ",0)} -> #NAME? | AB4: {=_xludf.XLOOKUP(F4,SNAreseachV1!G:G,SNAreseachV1!N:N," ",0)} -> #NAME? | AC4: ภาควิชาเวชศาสตร์คลีนิคสัตว์ใหญ่และสัตว์ป่า | AD4: {=_xludf.XLOOKUP(F4,SNAreseachV1!G:G,SNAreseachV1!O:O,"ไม่พบ",0)} -> #NAME? | AE4: {=_xludf.XLOOKUP(L4,SNAreseachV1!C:C,SNAreseachV1!F:F,"ไม่พบ",0)} -> #NAME? | AF4: {=_xludf.XLOOKUP(L4,SNAreseachV1!C:C,SNAreseachV1!I:I," ",0)} -> #NAME? | AG4: คณะสัตวแพทยศาสตร์ | AH4: {=_xludf.XLOOKUP(K4,PubFromDB!A:A,PubFromDB!K:K," ",0)} -> #NAME? | AI4: {=_xludf.XLOOKUP(F4,Sheet6!A:A,Sheet6!C:C,"ไม่พบ",0)} -> #NAME? | AJ4: Thai Journal of Veterinary Medicine | AK4: Effects of immunization against gonadotropin releasing hormone on reproductive functions in male rusa deer (Rusa timorensis) | AL4: 1
A5: 2015 | B5: 2015 | C5: 2 | D5: 10.1111/jvp.12145 | E5: 1407783 | F5: Journal of Veterinary Pharmacology and Therapeutics | G5: 38 | H5: 1 | I5: 101 | J5: 104 | K5: 15252 | L5: Toxicokinetics and absolute oral bioavailability of melamine in broiler chickens | M5: The objective of this study was to investigate the toxicokinetic characteristics of melamine in broilers due to the limited information available for livestock. Melamine was then administered to broiler chickens at an intravenous (i.v.) or oral (p.o.) dosage of 5.5mg/kg of body weight, and plasma samples were collected up to 48h. The concentration of melamine in each plasma sample was analyzed using liquid chromatography-tandem mass spectrometry (LC-MS/MS). Melamine was measurable up to 24h after i.v. and p.o. administration. A one-compartment model was developed to describe the toxicokinetics of melamine in broilers. Following i.v. administration, the values for the elimination half-life (t(1/2)), the volume of distribution (V-d), and the clearance (CL) were 4.42 +/- 1.02h, 00.52 +/- 0.18L/kg, and 0.08 +/- 0.01L/h/kg, respectively. The absolute oral bioavailability (F) was 95.63 +/- 3.54%. The results suggest that most of the administered melamine is favorably absorbed from the alimentary tract and rapidly c | N5: International | O5: 1 | P5: 480578 | Q5: รศ.ดร.ศรัญญา พัวพลเทพ | R5: คณะสัตวแพทยศาสตร์ บางเขน ภาควิชาเภสัชวิทยา | S5: 10 | T5: 5 | U5: ภาควิชาเภสัชวิทยา | V5: {=_xludf.XLOOKUP(W5,KUVET_Researcher!E:E,KUVET_Researcher!L:L," ",0)} -> #NAME? | W5: {=_xludf.XLOOKUP(P5,KUVET_Researcher!A:A,KUVET_Researcher!E:E," ",0)} -> #NAME? | X5: {=_xludf.XLOOKUP(P5,KUVET_Researcher!A:A,KUVET_Researcher!F:F," ",0)} -> #NAME? | Y5: {=_xludf.XLOOKUP(W5,KUVET_Researcher!E:E,KUVET_Researcher!G:G," ",0)} -> #NAME? | Z5: {=_xludf.XLOOKUP(X5,KUVET_Researcher!F:F,KUVET_Researcher!H:H," ",0)} -> #NAME? | AA5: {=_xludf.XLOOKUP(F5,Sheet6!A:A,Sheet6!D:D,"ไม่พบ",0)} -> #NAME? | AB5: {=_xludf.XLOOKUP(F5,SNAreseachV1!G:G,SNAreseachV1!N:N," ",0)} -> #NAME? | AC5: ภาควิชาเภสัชวิทยา | AD5: {=_xludf.XLOOKUP(F5,SNAreseachV1!G:G,SNAreseachV1!O:O,"ไม่พบ",0)} -> #NAME? | AE5: {=_xludf.XLOOKUP(L5,SNAreseachV1!C:C,SNAreseachV1!F:F,"ไม่พบ",0)} -> #NAME? | AF5: {=_xludf.XLOOKUP(L5,SNAreseachV1!C:C,SNAreseachV1!I:I," ",0)} -> #NAME? | AG5: คณะสัตวแพทยศาสตร์ | AH5: {=_xludf.XLOOKUP(K5,PubFromDB!A:A,PubFromDB!K:K," ",0)} -> #NAME? | AI5: {=_xludf.XLOOKUP(F5,Sheet6!A:A,Sheet6!C:C,"ไม่พบ",0)} -> #NAME? | AJ5: JOURNAL OF VETERINARY PHARMACOLOGY AND THERAPEUTICS | AK5: Toxicokinetics and absolute oral bioavailability of melamine in broiler chickens | AL5: 1
A6: 2015 | B6: 2015 | C6: 2 | D6: doi:10.1016/j.toxrep.2014.12.011 | E6: 22147500 | F6: Toxicology Reports | G6: 2 | H6: 1 | I6: 351 | J6: 356 | K6: 15829 | L6: Dispositions and tissue residue of zearalenone and its metabolites ?-zearalenol and ?-zearalenol in broilers | M6: Zearalenone (ZEA), is a secondary fungal metabolite produced mainly by a Fusarium graminearum. To clarify the toxicokinetics, and residues of ZEA and its major metabolites ?-zearalenol (?-ZOL) and ?-zearalenol (?-ZOL) in chickens, ZEA was then administered intravenously (iv) or orally (po) to broiler chickens at a dosage of 1.2 mg/kg body weight. The concentrations of ZEA, ?-ZOL and ?-ZOL in the plasma and various tissues were quantified using LC-MS/MS. The plasma concentrations of ZEA were measurable up to 2 h after iv and po administration, and the concentrations of ?-ZOL and ?-ZOL were detected up to 4 h after both types of administration. A two-compartment model was developed to describe the toxicokinetic of ZEA in broilers. The values of t1/2? and Vd were 1.36 ? 0.29 h and 6.40 ? 0.89 l/kg, respectively. The absolute oral bioavailability was 29.66 ? 5.6%. ZEA, ?-ZOL and ?-ZOL were measurable in the vital organs after po administration. These results suggest that ZEA is absorbed from the gastrointestina | N6: International | O6: 1 | Q6: กวินนาถ บูรณตระกูล | R6: นิสิตปริญญาโท | V6: {=_xludf.XLOOKUP(W6,KUVET_Researcher!E:E,KUVET_Researcher!L:L," ",0)} -> #NAME? | W6: {=_xludf.XLOOKUP(P6,KUVET_Researcher!A:A,KUVET_Researcher!E:E," ",0)} -> #NAME? | X6: {=_xludf.XLOOKUP(P6,KUVET_Researcher!A:A,KUVET_Researcher!F:F," ",0)} -> #NAME? | Y6: {=_xludf.XLOOKUP(W6,KUVET_Researcher!E:E,KUVET_Researcher!G:G," ",0)} -> #NAME? | Z6: {=_xludf.XLOOKUP(X6,KUVET_Researcher!F:F,KUVET_Researcher!H:H," ",0)} -> #NAME? | AA6: {=_xludf.XLOOKUP(F6,Sheet6!A:A,Sheet6!D:D,"ไม่พบ",0)} -> #NAME? | AB6: {=_xludf.XLOOKUP(F6,SNAreseachV1!G:G,SNAreseachV1!N:N," ",0)} -> #NAME? | AD6: {=_xludf.XLOOKUP(F6,SNAreseachV1!G:G,SNAreseachV1!O:O,"ไม่พบ",0)} -> #NAME? | AE6: {=_xludf.XLOOKUP(L6,SNAreseachV1!C:C,SNAreseachV1!F:F,"ไม่พบ",0)} -> #NAME? | AH6: {=_xludf.XLOOKUP(K6,PubFromDB!A:A,PubFromDB!K:K," ",0)} -> #NAME? | AI6: {=_xludf.XLOOKUP(F6,Sheet6!A:A,Sheet6!C:C,"ไม่พบ",0)} -> #NAME? | AL6: 1
A7: 2015 | B7: 2015 | C7: 2 | D7: 10.1111/jsap.12248 | E7: 224510 | F7: Journal of Small Animal Practice | G7: 56 | H7: 2 | I7: 130 | J7: 133 | K7: 15967 | L7: Extended proximal trochleoplasty for the correction of bidirectional patellar luxation in seven Pomeranian dogs | M7: Seven Pomeranians with bidirectional patellar luxation (BPL) were prospectively studied regarding aetiology and results of a new surgical technique. Radiographic evaluation of the ratio between patellar ligament length and patellar bone length revealed no differences between Pomeranians with bidirectional patellar luxation and healthy stifle joints. Functional rather than anatomic patella alta might be associated with bidirectional patellar luxation in Pomeranians. The surgical outcome of extended proximal trochleoplasty was good-to-excellent in 875% of the stifles and all dogs achieved functional recovery. There was only minimal radiographic progression of osteophyte formation at 48 weeks after surgery. To the authors' knowledge, this is the first report on bidirectional patellar luxation in small breed dogs and its successful surgical treatment. | N7: International | O7: 1 | Q7: Wangdee, C. | V7: {=_xludf.XLOOKUP(W7,KUVET_Researcher!E:E,KUVET_Researcher!L:L," ",0)} -> #NAME? | W7: {=_xludf.XLOOKUP(P7,KUVET_Researcher!A:A,KUVET_Researcher!E:E," ",0)} -> #NAME? | X7: {=_xludf.XLOOKUP(P7,KUVET_Researcher!A:A,KUVET_Researcher!F:F," ",0)} -> #NAME? | Y7: {=_xludf.XLOOKUP(W7,KUVET_Researcher!E:E,KUVET_Researcher!G:G," ",0)} -> #NAME? | Z7: {=_xludf.XLOOKUP(X7,KUVET_Researcher!F:F,KUVET_Researcher!H:H," ",0)} -> #NAME? | AA7: {=_xludf.XLOOKUP(F7,Sheet6!A:A,Sheet6!D:D,"ไม่พบ",0)} -> #NAME? | AB7: {=_xludf.XLOOKUP(F7,SNAreseachV1!G:G,SNAreseachV1!N:N," ",0)} -> #NAME? | AD7: {=_xludf.XLOOKUP(F7,SNAreseachV1!G:G,SNAreseachV1!O:O,"ไม่พบ",0)} -> #NAME? | AE7: {=_xludf.XLOOKUP(L7,SNAreseachV1!C:C,SNAreseachV1!F:F,"ไม่พบ",0)} -> #NAME? | AH7: {=_xludf.XLOOKUP(K7,PubFromDB!A:A,PubFromDB!K:K," ",0)} -> #NAME? | AI7: {=_xludf.XLOOKUP(F7,Sheet6!A:A,Sheet6!C:C,"ไม่พบ",0)} -> #NAME? | AL7: 1
A8: 2015 | B8: 2015 | C8: 3 | D8: 10.1007/s10493-015-9897-0 | E8: 1688162 | F8: Experimental and Applied Acarology | G8: 66 | H8: 2 | I8: 247 | J8: 256 | K8: 15452 | L8: Variation among Bm86 sequences in Rhipicephalus(Boophilus) microplus ticks collected from cattle across Thailand | M8: Anti-tick vaccines based on recombinant homologues Bm86 and Bm95 have become a more cost-effective and sustainable alternative to chemical pesticides commonly used to control the cattle tick, Rhipicephalus (Boophilus) microplus. However, Bm86 polymorphism among geographically separate ticks is reportedly associated with reduced effectiveness of these vaccines. The purpose of this study was to investigate the variation of Bm86 among cattle ticks collected from Northern, Northeastern, Central and Southern areas across Thailand. Bm86 cDNA and deduced amino acid sequences representing 29 female tick midgut samples were 95.6–97.0 and 91.5–93.5 % identical to the nucleotide and amino acid reference sequences, respectively, of the Australian Yeerongpilly vaccine strain. Multiple sequence analyses of these Bm86 variants indicated geographical relationships and polymorphism among Thai cattle ticks. Two larger groups of cattle tick strains were discernable based on this phylogenetic analysis of Bm86, a Thai group and a | N8: International | O8: 1 | P8: 500073 | Q8: อ.ดร.ศราวรรณ แก้วมงคล(ธนศิลป์) | R8: คณะเทคนิคการสัตวแพทย์ ภาควิชาเทคนิคการสัตวแพทย์ | S8: 38 | T8: 4 | U8: ภาควิชาการพยาบาลทางสัตวแพทย์ | V8: {=_xludf.XLOOKUP(W8,KUVET_Researcher!E:E,KUVET_Researcher!L:L," ",0)} -> #NAME? | W8: {=_xludf.XLOOKUP(P8,KUVET_Researcher!A:A,KUVET_Researcher!E:E," ",0)} -> #NAME? | X8: {=_xludf.XLOOKUP(P8,KUVET_Researcher!A:A,KUVET_Researcher!F:F," ",0)} -> #NAME? | Y8: {=_xludf.XLOOKUP(W8,KUVET_Researcher!E:E,KUVET_Researcher!G:G," ",0)} -> #NAME? | Z8: {=_xludf.XLOOKUP(X8,KUVET_Researcher!F:F,KUVET_Researcher!H:H," ",0)} -> #NAME? | AA8: {=_xludf.XLOOKUP(F8,Sheet6!A:A,Sheet6!D:D,"ไม่พบ",0)} -> #NAME? | AB8: {=_xludf.XLOOKUP(F8,SNAreseachV1!G:G,SNAreseachV1!N:N," ",0)} -> #NAME? | AD8: {=_xludf.XLOOKUP(F8,SNAreseachV1!G:G,SNAreseachV1!O:O,"ไม่พบ",0)} -> #NAME? | AE8: {=_xludf.XLOOKUP(L8,SNAreseachV1!C:C,SNAreseachV1!F:F,"ไม่พบ",0)} -> #NAME? | AH8: {=_xludf.XLOOKUP(K8,PubFromDB!A:A,PubFromDB!K:K," ",0)} -> #NAME? | AI8: {=_xludf.XLOOKUP(F8,Sheet6!A:A,Sheet6!C:C,"ไม่พบ",0)} -> #NAME? | AL8: 1

Sheet ALL2
A1: FiscalYear | B1: StartPublishYear | C1: StartMonthCode | D1: DOI | E1: ISSN | F1: SourceName | G1: Volume | H1: Issue | I1: StartPage | J1: EndPage | K1: PublishID (STG_Publication) | L1: Output_ENTH | M1: AbstractEN | N1: PublishClass | O1: seq | P1: ResearcherCode | Q1: StaffName | R1: Department | S1: FacultyID (STG_Faculty) | T1: SectionID | U1: SectionName | V1: ShortName | W1: ThName | X1: ThSurName | Y1: FirstNameEng | Z1: SurNameEng | AA1: Q_SJR 2022 | AB1: Q_SJR SNA | AC1: SectionName.VET | AD1: Impacfactor | AE1: Species | AF1: Position | AG1: Department_VETKU | AH1: Scopus | AI1: Country | AJ1: Journal | AK1: Name | AL1: Level Inter | AM1: Level Nation | AN1: Cluster | AO1: Group
A2: 2015 | B2: 2015 | C2: 3 | D2: 10.1111/vaa.12185 | E2: 14672995 | F2: Veterinary Anaesthesia and Analgesia | G2: 42 | H2: 2 | I2: 182 | J2: 186 | K2: 14102 | L2: Effects of continuous intravenous infusion of morphine and morphine-tramadol on the minimum alveolar concentration of sevoflurane and electroencephalographic entropy indices in dogs | M2: Objective To compare the effects of continuous rate infusions (CRIs) of intravenous (IV) morphine and morphine-tramadol on the minimum alveolar con- centration (MAC) of sevoflurane, and on electroen- cephalographic entropy indices in dogs. Design Prospective study. Animals Eight young, healthy German shepherds, weighing 26.3 ` 3.1 kg (mean ` SD). Methods Anaesthesia was induced and maintained with sevoflurane. A standard tail-clamp technique was used for MAC determination. Within one anaesthetic period, MAC was first determined during sevoflurane anaesthesia alone (MACB); then during morphine infusion (MACM), (loading dose 0.5 mg kg_x0003_1IM; CRI, 0.2 mg kg_x0003_1 hour_x0003_1) then finally during morphine-tramadol infusion (tramadol load- ing dose 1.5 mg kg_x0003_1IV; CRI, 2.6 mg kg_x0003_1 hour_x0003_1) (MACMT). At each change, periods of 45 minutes were allowed for equilibration. Stated entropy (SE), response entropy (RE), and RE-SE differences were measured five minutes prior to and during tail clamping. Results The MACB was 2.1 ` 0.3vol% | N2: International | O2: 1 | Q2: Mahidol, C. | R2: Department of Companion Animal Clinical Sciences, Faculty of Veterinary Medicine, Kasetsart University, Kamphaeng Saen Campus | Y2: {=_xludf.XLOOKUP(W2,KUVET_Researcher!E:E,KUVET_Researcher!G:G," ",0)} -> #NAME? | Z2: {=_xludf.XLOOKUP(X2,KUVET_Researcher!F:F,KUVET_Researcher!H:H,"",0)} -> #NAME? | AA2: {=_xludf.XLOOKUP(F2,Sheet6!A:A,Sheet6!D:D,"ไม่พบ",0)} -> #NAME? | AB2: {=_xludf.XLOOKUP(F2,SNAreseachV1!G:G,SNAreseachV1!N:N," ",0)} -> #NAME? | AD2: {=_xludf.XLOOKUP(F2,SNAreseachV1!G:G,SNAreseachV1!O:O,"ไม่พบ",0)} -> #NAME? | AE2: {=_xludf.XLOOKUP(L2,SNAreseachV1!C:C,SNAreseachV1!F:F,"ไม่พบ",0)} -> #NAME? | AH2: {=_xludf.XLOOKUP(K2,PubFromDB!A:A,PubFromDB!K:K," ",0)} -> #NAME? | AI2: {=_xludf.XLOOKUP(F2,Sheet6!A:A,Sheet6!C:C,"ไม่พบ",0)} -> #NAME? | AL2: 1 | AO2: {=_xludf.XLOOKUP(AN2,Cluster!D:D,Cluster!F:F,"",0)} -> #NAME?
A3: 2015 | B3: 2015 | C3: 1 | D3: '-" | E3: 10112367 | F3: Asian-Australasian Journal of Animal Sciences | G3: 28 | H3: 1 | I3: 14 | J3: 19 | K3: 14813 | L3: Genetic diversity and population structure in native chicken populations from Myanmar, Thailand and Laos by using 102 indels markers | M3: The genetic diversity of native chicken populations from Myanmar, Thailand, and Laos was examined by using 102 insertion and/or deletion (indels) markers. Most of the indels loci were polymorphic (71% to 96%), and the genetic variability was similar in all populations. The average observed heterozygosities (HO) and expected heterozygosities (HE) ranged from 0.205 to 0.263 and 0.239 to 0.381, respectively. The coefficients of genetic differentiation ( Gst) for all cumulated populations was 0.125, and the Thai native chickens showed higher Gst (0.088) than Myanmar (0.041) and Laotian (0.024) populations. The pairwise Fst distances ranged from 0.144 to 0.308 among populations. A neighbor-joining (NJ) tree, using Nei's genetic distance, revealed that Thai and Laotian native chicken populations were genetically close, while Myanmar native chickens were distant from the others. The native chickens from these three countries were thought to be descended from three different origins ( K = 3) from STRUCTURE analysis. | N3: International | O3: 7 | Q3: Okamoto, S. | V3: {=_xludf.XLOOKUP(W3,KUVET_Researcher!E:E,KUVET_Researcher!L:L," ",0)} -> #NAME? | Y3: {=_xludf.XLOOKUP(W3,KUVET_Researcher!E:E,KUVET_Researcher!G:G," ",0)} -> #NAME? | Z3: {=_xludf.XLOOKUP(X3,KUVET_Researcher!F:F,KUVET_Researcher!H:H," ",0)} -> #NAME? | AA3: {=_xludf.XLOOKUP(F3,Sheet6!A:A,Sheet6!D:D,"ไม่พบ",0)} -> #NAME? | AB3: {=_xludf.XLOOKUP(F3,SNAreseachV1!G:G,SNAreseachV1!N:N," ",0)} -> #NAME? | AD3: {=_xludf.XLOOKUP(F3,SNAreseachV1!G:G,SNAreseachV1!O:O,"ไม่พบ",0)} -> #NAME? | AE3: {=_xludf.XLOOKUP(L3,SNAreseachV1!C:C,SNAreseachV1!F:F,"ไม่พบ",0)} -> #NAME? | AH3: {=_xludf.XLOOKUP(K3,PubFromDB!A:A,PubFromDB!K:K," ",0)} -> #NAME? | AI3: {=_xludf.XLOOKUP(F3,Sheet6!A:A,Sheet6!C:C,"ไม่พบ",0)} -> #NAME? | AL3: 1 | AO3: {=_xludf.XLOOKUP(AN3,Cluster!D:D,Cluster!F:F,"",0)} -> #NAME?
A4: 2015 | B4: 2015 | C4: 1 | D4: 10.1186/s12917-015-0321-0 | E4: 17466148 | F4: BMC Veterinary Research | G4: 11 | H4: 5 | I4: 1 | J4: 7 | K4: 14952 | L4: Stability of 3-bromotyrosine in serum and serum 3-bromotyrosine concentrations in dogs with gastrointestinal diseases | M4: Background 3-Bromotyrosine (3-BrY) is a stable product of eosinophil peroxidase and may serve as a marker of eosinophil activation. A gas chromatography/mass spectrometry method to measure 3-BrY concentrations in serum from dogs has recently been established and analytically validated. The aims of this study were to determine the stability of 3-BrY in serum, to determine the association between peripheral eosinophil counts and the presence of an eosinophilic infiltrate in the gastrointestinal tract, and to compare serum 3-BrY concentrations in healthy dogs (n?=?52) and dogs with eosinophilic gastroenteritis (EGE; n?=?27), lymphocytic-plasmacytic enteritis (LPE; n?=?25), exocrine pancreatic insufficiency (EPI; n?=?26), or pancreatitis (n?=?27). Results Serum 3-BrY concentrations were stable for up to 8, 30, and 180 days at 4?C, ?20?C, and ?80?C, respectively. There was no significant association between peripheral eosinophil count and the presence of eosinophils in the GI tissues (P?=?0.1733). Serum 3-BrY con | N4: International | O4: 1 | P4: 510108 | Q4: รศ.ดร.พันพิชา สัตถาสาธุชนะ | R4: คณะสัตวแพทยศาสตร์ บางเขน ภาควิชาเวชศาสตร์คลินิกสัตว์เลี้ยง | S4: 10 | T4: 15 | U4: ภาควิชาเวชศาสตร์คลีนิคสัตว์เลี้ยง | V4: {=_xludf.XLOOKUP(W4,KUVET_Researcher!E:E,KUVET_Researcher!L:L," ",0)} -> #NAME? | W4: พันพิชา | X4: สัตถาสาธุชนะ | Y4: {=_xludf.XLOOKUP(W4,KUVET_Researcher!E:E,KUVET_Researcher!G:G," ",0)} -> #NAME? | Z4: {=_xludf.XLOOKUP(X4,KUVET_Researcher!F:F,KUVET_Researcher!H:H," ",0)} -> #NAME? | AA4: {=_xludf.XLOOKUP(F4,Sheet6!A:A,Sheet6!D:D,"ไม่พบ",0)} -> #NAME? | AB4: {=_xludf.XLOOKUP(F4,SNAreseachV1!G:G,SNAreseachV1!N:N," ",0)} -> #NAME? | AC4: ภาควิชาเวชศาสตร์คลีนิคสัตว์เลี้ยง | AD4: {=_xludf.XLOOKUP(F4,SNAreseachV1!G:G,SNAreseachV1!O:O,"ไม่พบ",0)} -> #NAME? | AE4: {=_xludf.XLOOKUP(L4,SNAreseachV1!C:C,SNAreseachV1!F:F,"ไม่พบ",0)} -> #NAME? | AH4: {=_xludf.XLOOKUP(K4,PubFromDB!A:A,PubFromDB!K:K," ",0)} -> #NAME? | AI4: {=_xludf.XLOOKUP(F4,Sheet6!A:A,Sheet6!C:C,"ไม่พบ",0)} -> #NAME? | AK4: =_xludf.TEXTJOIN("",TRUE,V4,W4," ")&X4 -> #NAME? | AL4: 1 | AO4: {=_xludf.XLOOKUP(AN4,Cluster!D:D,Cluster!F:F,"",0)} -> #NAME?
A5: 2015 | B5: 2015 | C5: 2 | D5: 10.1111/jvp.12145 | E5: 1407783 | F5: Journal of Veterinary Pharmacology and Therapeutics | G5: 38 | H5: 1 | I5: 101 | J5: 104 | K5: 15252 | L5: Toxicokinetics and absolute oral bioavailability of melamine in broiler chickens | M5: The objective of this study was to investigate the toxicokinetic characteristics of melamine in broilers due to the limited information available for livestock. Melamine was then administered to broiler chickens at an intravenous (i.v.) or oral (p.o.) dosage of 5.5mg/kg of body weight, and plasma samples were collected up to 48h. The concentration of melamine in each plasma sample was analyzed using liquid chromatography-tandem mass spectrometry (LC-MS/MS). Melamine was measurable up to 24h after i.v. and p.o. administration. A one-compartment model was developed to describe the toxicokinetics of melamine in broilers. Following i.v. administration, the values for the elimination half-life (t(1/2)), the volume of distribution (V-d), and the clearance (CL) were 4.42 +/- 1.02h, 00.52 +/- 0.18L/kg, and 0.08 +/- 0.01L/h/kg, respectively. The absolute oral bioavailability (F) was 95.63 +/- 3.54%. The results suggest that most of the administered melamine is favorably absorbed from the alimentary tract and rapidly c | N5: International | O5: 1 | P5: 480578 | Q5: รศ.ดร.ศรัญญา พัวพลเทพ | R5: คณะสัตวแพทยศาสตร์ บางเขน ภาควิชาเภสัชวิทยา | S5: 10 | T5: 5 | U5: ภาควิชาเภสัชวิทยา | V5: {=_xludf.XLOOKUP(W5,KUVET_Researcher!E:E,KUVET_Researcher!L:L," ",0)} -> #NAME? | W5: ศรัญญา | X5: พัวพลเทพ | Y5: {=_xludf.XLOOKUP(W5,KUVET_Researcher!E:E,KUVET_Researcher!G:G," ",0)} -> #NAME? | Z5: {=_xludf.XLOOKUP(X5,KUVET_Researcher!F:F,KUVET_Researcher!H:H," ",0)} -> #NAME? | AA5: {=_xludf.XLOOKUP(F5,Sheet6!A:A,Sheet6!D:D,"ไม่พบ",0)} -> #NAME? | AB5: {=_xludf.XLOOKUP(F5,SNAreseachV1!G:G,SNAreseachV1!N:N," ",0)} -> #NAME? | AC5: ภาควิชาเภสัชวิทยา | AD5: {=_xludf.XLOOKUP(F5,SNAreseachV1!G:G,SNAreseachV1!O:O,"ไม่พบ",0)} -> #NAME? | AE5: {=_xludf.XLOOKUP(L5,SNAreseachV1!C:C,SNAreseachV1!F:F,"ไม่พบ",0)} -> #NAME? | AH5: {=_xludf.XLOOKUP(K5,PubFromDB!A:A,PubFromDB!K:K," ",0)} -> #NAME? | AI5: {=_xludf.XLOOKUP(F5,Sheet6!A:A,Sheet6!C:C,"ไม่พบ",0)} -> #NAME? | AK5: =_xludf.TEXTJOIN("",TRUE,V5,W5," ")&X5 -> #NAME? | AM5: 1 | AO5: {=_xludf.XLOOKUP(AN5,Cluster!D:D,Cluster!F:F,"",0)} -> #NAME?
A6: 2015 | B6: 2015 | C6: 3 | D6: - | E6: 1976555x | F6: Journal of Veterinary Science | G6: 16 | H6: 1 | I6: 67 | J6: 74 | K6: 15414 | L6: Normal Clinical Electroretinography Parameters for Poodle, Labrador Retriever, Thai Ridgeback, and Thai Bangkaew | M6: The purpose of the present study was to establish normal electroretinogram (ERG) parameters using 56 normal eyes of four dog breeds common in Thailand: poodle, Labrador retriever, Thai ridgeback, and Thai Bangkaew. Standard ERG findings were bilaterally recorded using a handheld multi-species ERG unit with an ERG-jet lens electrode for 28 dogs under preanesthesia with diazepam, anesthesia with propofol, and anesthesia maintenance with isoflurane. There were significant differences in the mean values of ERG amplitudes and implicit times among the four dog breeds (p< 0.05) except for the b-wave implicit time of the photopic 30 Hz flicker response with 3 cd.s/m2 (p = 0.610). Out of the four breeds, Thai Bangkaew had the longest implicit time (p < 0.001) of scotopic low intensity responses, b-wave of scotopic standard intensity responses (3 cd.s/m2 ), a-wave of the higher intensity response (10 cd.s/m2 ), and a-wave of the photopic single flash response (3 cd.s/m2 ). For the b/a ratio, only the ratio of the Cone | N6: International | O6: 1 | Q6: เมทิตา สัสดี | R6: คณะสัตวแพทยศาสตร์ มเกษตรศาสตร์ บางเขน | V6: {=_xludf.XLOOKUP(W6,KUVET_Researcher!E:E,KUVET_Researcher!L:L," ",0)} -> #NAME? | Y6: {=_xludf.XLOOKUP(W6,KUVET_Researcher!E:E,KUVET_Researcher!G:G," ",0)} -> #NAME? | Z6: {=_xludf.XLOOKUP(X6,KUVET_Researcher!F:F,KUVET_Researcher!H:H," ",0)} -> #NAME? | AA6: {=_xludf.XLOOKUP(F6,Sheet6!A:A,Sheet6!D:D,"ไม่พบ",0)} -> #NAME? | AB6: {=_xludf.XLOOKUP(F6,SNAreseachV1!G:G,SNAreseachV1!N:N," ",0)} -> #NAME? | AD6: {=_xludf.XLOOKUP(F6,SNAreseachV1!G:G,SNAreseachV1!O:O,"ไม่พบ",0)} -> #NAME? | AE6: {=_xludf.XLOOKUP(L6,SNAreseachV1!C:C,SNAreseachV1!F:F,"ไม่พบ",0)} -> #NAME? | AH6: {=_xludf.XLOOKUP(K6,PubFromDB!A:A,PubFromDB!K:K," ",0)} -> #NAME? | AI6: {=_xludf.XLOOKUP(F6,Sheet6!A:A,Sheet6!C:C,"ไม่พบ",0)} -> #NAME? | AL6: 1 | AO6: {=_xludf.XLOOKUP(AN6,Cluster!D:D,Cluster!F:F,"",0)} -> #NAME?
A7: 2015 | B7: 2015 | C7: 3 | D7: 10.1007/s10493-015-9897-0 | E7: 1688162 | F7: Experimental and Applied Acarology | G7: 66 | H7: 2 | I7: 247 | J7: 256 | K7: 15452 | L7: Variation among Bm86 sequences in Rhipicephalus(Boophilus) microplus ticks collected from cattle across Thailand | M7: Anti-tick vaccines based on recombinant homologues Bm86 and Bm95 have become a more cost-effective and sustainable alternative to chemical pesticides commonly used to control the cattle tick, Rhipicephalus (Boophilus) microplus. However, Bm86 polymorphism among geographically separate ticks is reportedly associated with reduced effectiveness of these vaccines. The purpose of this study was to investigate the variation of Bm86 among cattle ticks collected from Northern, Northeastern, Central and Southern areas across Thailand. Bm86 cDNA and deduced amino acid sequences representing 29 female tick midgut samples were 95.6–97.0 and 91.5–93.5 % identical to the nucleotide and amino acid reference sequences, respectively, of the Australian Yeerongpilly vaccine strain. Multiple sequence analyses of these Bm86 variants indicated geographical relationships and polymorphism among Thai cattle ticks. Two larger groups of cattle tick strains were discernable based on this phylogenetic analysis of Bm86, a Thai group and a | N7: International | O7: 6 | P7: 280010 | Q7: รศ.ดร.สถาพร จิตตปาลพงศ์ | R7: คณะสัตวแพทยศาสตร์ บางเขน ภาควิชาปรสิตวิทยา | S7: 38 | T7: 3 | U7: สำนักงานเลขานุการ | V7: {=_xludf.XLOOKUP(W7,KUVET_Researcher!E:E,KUVET_Researcher!L:L," ",0)} -> #NAME? | W7: สถาพร | X7: จิตตปาลพงศ์ | Y7: {=_xludf.XLOOKUP(W7,KUVET_Researcher!E:E,KUVET_Researcher!G:G," ",0)} -> #NAME? | Z7: {=_xludf.XLOOKUP(X7,KUVET_Researcher!F:F,KUVET_Researcher!H:H," ",0)} -> #NAME? | AA7: {=_xludf.XLOOKUP(F7,Sheet6!A:A,Sheet6!D:D,"ไม่พบ",0)} -> #NAME? | AB7: {=_xludf.XLOOKUP(F7,SNAreseachV1!G:G,SNAreseachV1!N:N," ",0)} -> #NAME? | AC7: สำนักงานเลขานุการ | AD7: {=_xludf.XLOOKUP(F7,SNAreseachV1!G:G,SNAreseachV1!O:O,"ไม่พบ",0)} -> #NAME? | AE7: {=_xludf.XLOOKUP(L7,SNAreseachV1!C:C,SNAreseachV1!F:F,"ไม่พบ",0)} -> #NAME? | AH7: {=_xludf.XLOOKUP(K7,PubFromDB!A:A,PubFromDB!K:K," ",0)} -> #NAME? | AI7: {=_xludf.XLOOKUP(F7,Sheet6!A:A,Sheet6!C:C,"ไม่พบ",0)} -> #NAME? | AK7: =_xludf.TEXTJOIN("",TRUE,V7,W7," ")&X7 -> #NAME? | AL7: 1 | AO7: {=_xludf.XLOOKUP(AN7,Cluster!D:D,Cluster!F:F,"",0)} -> #NAME?
A8: 2015 | B8: 2015 | C8: 4 | D8: 10.1186/s12985-015-0289-1 | E8: 1743422x | F8: Virology Journal | G8: 12 | H8: 57 | K8: 15615 | L8: Diversity of coronavirus in bats from Eastern Thailand | M8: Abstract Background Bats are reservoirs for a diverse range of coronaviruses (CoVs), including those closely related to human pathogens such as Severe Acute Respiratory Syndrome (SARS) CoV and Middle East Respiratory Syndrome CoV. There are approximately 139 bat species reported to date in Thailand, of which two are endemic species. Due to the zoonotic potential of CoVs, standardized surveillance efforts to characterize viral diversity in wildlife are imperative. Findings A total of 626 bats from 19 different bat species were individually sampled from 5 provinces in Eastern Thailand between 2008 and 2013 (84 fecal and 542 rectal swabs). Samples collected (either fresh feces or rectal swabs) were placed directly into RNA stabilization reagent, transported on ice within 24 hours and preserved at ?80?C until further analysis. CoV RNA was detected in 47 specimens (7.6%), from 13 different bat species, using broadly eactive consensus PCR primers targeting the RNA-Dependent RNA Polymerase gene design | N8: International | O8: 1 | Q8: Supaporn Wacharapluesadee | R8: Faculty of Medicine,Chulalongkorn University | V8: {=_xludf.XLOOKUP(W8,KUVET_Researcher!E:E,KUVET_Researcher!L:L," ",0)} -> #NAME? | Y8: {=_xludf.XLOOKUP(W8,KUVET_Researcher!E:E,KUVET_Researcher!G:G," ",0)} -> #NAME? | Z8: {=_xludf.XLOOKUP(X8,KUVET_Researcher!F:F,KUVET_Researcher!H:H," ",0)} -> #NAME? | AA8: {=_xludf.XLOOKUP(F8,Sheet6!A:A,Sheet6!D:D,"ไม่พบ",0)} -> #NAME? | AB8: {=_xludf.XLOOKUP(F8,SNAreseachV1!G:G,SNAreseachV1!N:N," ",0)} -> #NAME? | AD8: {=_xludf.XLOOKUP(F8,SNAreseachV1!G:G,SNAreseachV1!O:O,"ไม่พบ",0)} -> #NAME? | AE8: {=_xludf.XLOOKUP(L8,SNAreseachV1!C:C,SNAreseachV1!F:F,"ไม่พบ",0)} -> #NAME? | AH8: {=_xludf.XLOOKUP(K8,PubFromDB!A:A,PubFromDB!K:K," ",0)} -> #NAME? | AI8: {=_xludf.XLOOKUP(F8,Sheet6!A:A,Sheet6!C:C,"ไม่พบ",0)} -> #NAME? | AL8: 1 | AO8: {=_xludf.XLOOKUP(AN8,Cluster!D:D,Cluster!F:F,"",0)} -> #NAME?

Sheet PubTeam
A1: PublishID (STG_Publication) | B1: seq | C1: StaffName | D1: Department | E1: ResearcherCode | F1: ShortName | G1: ThName | H1: ThSurName | I1: FacultyID (STG_Faculty) | J1: SectionID | K1: SectionName
A2: 14102 | B2: 1 | C2: Mahidol, C. | D2: Department of Companion Animal Clinical Sciences, Faculty of Veterinary Medicine, Kasetsart University, Kamphaeng Saen Campus
A3: 14102 | B3: 2 | C3: อ.สิริรัตน์ นิยม | D3: คณะสัตวแพทยศาสตร์ บางเขน ภาควิชาเวชศาสตร์คลินิกสัตว์เลี้ยง | E3: 480517 | F3: ผศ. | G3: สิริรัตน์ | H3: นิยม | I3: 10 | J3: 15 | K3: ภาควิชาเวชศาสตร์คลีนิคสัตว์เลี้ยง
A4: 14102 | B4: 3 | C4: อ.ชัยกร ฐิติญาณพร | D4: คณะสัตวแพทยศาสตร์ บางเขน ภาควิชาเวชศาสตร์คลินิกสัตว์เลี้ยง | E4: 480216 | F4: ผศ. | G4: ชัยกร | H4: ฐิติญาณพร | I4: 10 | J4: 15 | K4: ภาควิชาเวชศาสตร์คลีนิคสัตว์เลี้ยง
A5: 14102 | B5: 4 | C5: ศ.ดร.อภินันท์ สุประเสริฐ | D5: คณะสัตวแพทยศาสตร์ บางเขน ภาควิชากายวิภาคศาสตร์ | E5: 250013 | F5: ศ. | G5: อภินันท์ | H5: สุประเสริฐ | I5: 10 | J5: 2 | K5: ภาควิชากายวิภาคศาสตร์
A6: 14102 | B6: 5 | C6: รศ.ดร.นริศ เต็งชัยศรี | D6: คณะสัตวแพทยศาสตร์ บางเขน ภาควิชาเวชศาสตร์คลินิกสัตว์เลี้ยง | E6: 480080 | F6: ศ. | G6: นริศ | H6: เต็งชัยศรี | I6: 10 | J6: 15 | K6: ภาควิชาเวชศาสตร์คลีนิคสัตว์เลี้ยง
A7: 14813 | B7: 1 | C7: Maw, A.A.

Sheet PubFromDB
A1: PublishID (STG_Publication) | B1: null | C1: Agricola | D1: BIOSIS | E1: IEEE | F1: MEDLINE | G1: Pubmed | H1: SCI | I1: ScienceDirect | J1: SciFinder | K1: Scopus | L1: Social Science Research Network | M1: Name | N1: Section Name
A2: 14102 | F2: 1 | H2: 1 | I2: 1 | K2: 1
A3: 14813 | H3: 1 | K3: 1
A4: 14952 | F4: 1 | H4: 1 | M4: {=_xludf.XLOOKUP(A4,ALL!K:K,ALL!Q:Q," ",0)} -> #NAME? | N4: {=_xludf.XLOOKUP(M4,ALL!Q:Q,ALL!U:U,"",0)} -> #NAME?
A5: 15142 | H5: 1 | K5: 1
A6: 15252 | H6: 1 | K6: 1 | M6: {=_xludf.XLOOKUP(A6,ALL!K:K,ALL!Q:Q," ",0)} -> #NAME? | N6: {=_xludf.XLOOKUP(M6,ALL!Q:Q,ALL!U:U,"",0)} -> #NAME?

Sheet KUVET_Researcher
A1: ResearcherCode (STG_Researcher) | B1: IDCode | C1: OfPosName | D1: ShortName | E1: ThName | F1: ThSurName | G1: EnName | H1: EnSurName | I1: Sex | J1: SectionID | K1: SectionName | L1: PositionName
A2: 400102 | B2: 3100600939361 | C2: รองศาสตราจารย์ | D2: รศ. | E2: อดิศร | F2: ยะวงศา | G2: Adisorn | H2: Yawongsa | I2: M | J2: 17 | K2: ภาควิชาเวชศาสตร์คลีนิคสัตว์ใหญ่และสัตว์ป่า | L2: รศ.น.สพ.
A3: 400168 | B3: 3700700319466 | C3: นักวิทยาศาสตร์ ชำนาญการพิเศษ | E3: เอกชัย | F3: สร้อยน้ำ | G3: Aggachai | H3: Sroynum | I3: M | J3: 19 | K3: โรงพยาบาลสัตว์ มหาวิทยาลัยเกษตรศาสตร์ หนองโพ
A4: 500070 | B4: 3150300039755 | C4: ผู้ช่วยศาสตราจารย์ | D4: ผศ. | E4: อักษร | F4: แสงเทียนชัย | G4: AKSORN | H4: SAENGTIENCHAI | I4: F | J4: 5 | K4: ภาควิชาเภสัชวิทยา | L4: ผศ.สพ.ญ.ดร.
A5: 480914 | B5: 3411300126761 | C5: ผู้ช่วยศาสตราจารย์ | D5: ผศ. | E5: อลงกต | F5: บุญสูงเนิน | G5: Alongkot | H5: Boonsoongnern | I5: M | J5: 16 | K5: ภาควิชาเวชศาสตร์และทรัพยากรการผลิตสัตว์ | L5: ผศ.น.สพ.ดร.

Sheet Fac_Section
A1: FacultyID (STG_Faculty) | B1: FacultyName | C1: SectionID (STG_Section) | D1: SectionName
A2: 1 | B2: บัณฑิตวิทยาลัย | C2: 1 | D2: สำนักงานเลขานุการ
A3: 2 | B3: คณะเกษตร | C3: 1 | D3: สำนักงานเลขานุการ
A4: 2 | B4: คณะเกษตร | C4: 2 | D4: ภาควิชากีฏวิทยา
A5: 2 | B5: คณะเกษตร | C5: 3 | D5: ภาควิชาคหกรรมศาสตร์

Sheet Cluster
A1: NO | B1: PubblisYear | C1: Name | D1: Cluster | E1: Journal | F1: Group
A2: 1 | B2: 2023 | C2: A case report of hemodialysis management of acute kidney injury in a Russell’s viper-envenomed dog | D2: 5 | E2: Veterinary Integrative Sciences | F2: 5.การศึกษาวิจัยทางคลินิก (CLINICAL RESEARCH)
A3: 2 | B3: 2023 | C3: A New Benzaldehyde Derivative Exhibits Antiaflatoxigenic Activity against Aspergillus flavus | D3: 2 | E3: Journal of Fungi | F3: 2.งานวิจัยเพื่อความปลอดภัยต่อสุขภาพและสิ่งแวดล้อม (Research for human and environmental safety)
A4: 3 | B4: 2023 | C4: A Novel Simian Adenovirus Associating with Human Adeno-virus Species G Isolated from Long-Tailed Macaque Feces | D4: 2 | E4: Viruses | F4: 2.งานวิจัยเพื่อความปลอดภัยต่อสุขภาพและสิ่งแวดล้อม (Research for human and environmental safety)
A5: 4 | B5: 2023 | C5: A retrospective study of structural brain lesions identified by magnetic resonance imaging in 114 cats with neurological signs | D5: 5 | E5: Veterinary World | F5: 5.การศึกษาวิจัยทางคลินิก (CLINICAL RESEARCH)
A6: 5 | B6: 2023 | C6: A Serosurvey of Japanese Encephalitis Virus in Monkeys and Humans Living in Proximity in Thailand | D6: 2 | E6: Viruses | F6: 2.งานวิจัยเพื่อความปลอดภัยต่อสุขภาพและสิ่งแวดล้อม (Research for human and environmental safety)

Sheet SJR_VET_Q_2022
B1: Sourceid | C1: Title | D1: Type | E1: Issn | F1: SJR | G1: SJR Quartile | H1: H index | I1: Total Docs. (2022) | J1: Total Docs. (3years) | K1: Total Refs. | L1: Total Cites (3years) | M1: Citable Docs. (3years) | N1: Cites / Doc. (2years) | O1: Ref. / Doc. | P1: Country | Q1: Region | R1: Publisher | S1: Coverage | T1: Categories.1 | U1: Categories.2 | V1: Categories.3 | W1: Areas | X1: SJR Vet Quartile | Y1: Issn.1
A2: 1 | B2: 21100330722 | C2: Annual Review of Animal Biosciences | D2: journal | E2: 21658110, 21658102 | F2: 3696 | G2: Q1 | H2: 54 | I2: 24 | J2: 64 | K2: 3129 | L2: 848 | M2: 61 | N2: 1197 | O2: 13038 | P2: United States | Q2: Northern America | R2: Annual Reviews Inc. | S2: 2013-2022 | T2: Veterinary | U2: (miscellaneous) | V2: (Q1) | W2: Agricultural and Biological Sciences; Biochemistry, Genetics and Molecular Biology; Veterinary | X2: Q1 | Y2: 21658110
A3: 2 | B3: 21100805354 | C3: GeroScience | D3: journal | E3: 25092715, 25092723 | F3: 1570 | G3: Q1 | H3: 79 | I3: 186 | J3: 380 | K3: 12409 | L3: 2239 | M3: 366 | N3: 573 | O3: 6672 | P3: Switzerland | Q3: Western Europe | R3: Springer International Publishing AG | S3: 2017-2022 | T3: Veterinary | U3: (miscellaneous) | V3: (Q1) | W3: Biochemistry, Genetics and Molecular Biology; Medicine; Veterinary | X3: Q1 | Y3: 25092715
A4: 3 | B4: 21100897791 | C4: Vaccine: X | D4: journal | E4: 25901362 | F4: 1509 | G4: Q1 | H4: 13 | I4: 111 | J4: 95 | K4: 4216 | L4: 329 | M4: 95 | N4: 348 | O4: 3798 | P4: United Kingdom | Q4: Western Europe | R4: Elsevier Ltd. | S4: 2019-2022 | T4: Veterinary | U4: (miscellaneous) | V4: (Q1) | W4: Biochemistry, Genetics and Molecular Biology; Immunology and Microbiology; Medicine; Veterinary | X4: Q1 | Y4: 25901362
A5: 4 | B5: 21376 | C5: Vaccine | D5: journal | E5: 0264410X, 18732518 | F5: 1493 | G5: Q1 | H5: 205 | I5: 1002 | J5: 3180 | K5: 36535 | L5: 14511 | M5: 2915 | N5: 513 | O5: 3646 | P5: Netherlands | Q5: Western Europe | R5: Elsevier BV | S5: 1983-2022 | T5: Veterinary | U5: (miscellaneous) | V5: (Q1) | W5: Biochemistry, Genetics and Molecular Biology; Immunology and Microbiology; Medicine; Veterinary | X5: Q1 | Y5: 0264410X

Sheet SNAreseachV1
A1: =IFERROR(__xludf.DUMMYFUNCTION("IMPORTRANGE(""https://docs.google.com/spreadsheets/d/16RHTYx2t4VGNKL2VAZSXfFbhVXCpCZnEKGSXryWfDq4/edit#gid=0"" , ""Raw!A:T"")"),"Year") -> Year | B1: =IFERROR(__xludf.DUMMYFUNCTION("""COMPUTED_VALUE"""),"Code") -> Code | C1: =IFERROR(__xludf.DUMMYFUNCTION("""COMPUTED_VALUE"""),"Name") -> Name | D1: =IFERROR(__xludf.DUMMYFUNCTION("""COMPUTED_VALUE"""),"Cluster") -> Cluster | E1: =IFERROR(__xludf.DUMMYFUNCTION("""COMPUTED_VALUE"""),"PublicCode") -> PublicCode | F1: =IFERROR(__xludf.DUMMYFUNCTION("""COMPUTED_VALUE"""),"Species") -> Species | G1: =IFERROR(__xludf.DUMMYFUNCTION("""COMPUTED_VALUE"""),"Journal") -> Journal | H1: =IFERROR(__xludf.DUMMYFUNCTION("""COMPUTED_VALUE"""),"Head") -> Head | I1: =IFERROR(__xludf.DUMMYFUNCTION("""COMPUTED_VALUE"""),"Position") -> Position | J1: =IFERROR(__xludf.DUMMYFUNCTION("""COMPUTED_VALUE"""),"UnderGrad") -> UnderGrad | K1: =IFERROR(__xludf.DUMMYFUNCTION("""COMPUTED_VALUE"""),"GradStu") -> GradStu | L1: =IFERROR(__xludf.DUMMYFUNCTION("""COMPUTED_VALUE"""),"Timing") -> Timing | M1: =IFERROR(__xludf.DUMMYFUNCTION("""COMPUTED_VALUE"""),"Level") -> Level | N1: =IFERROR(__xludf.DUMMYFUNCTION("""COMPUTED_VALUE"""),"Quatile") -> Quatile | O1: =IFERROR(__xludf.DUMMYFUNCTION("""COMPUTED_VALUE"""),"ImpactFactor") -> ImpactFactor | P1: =IFERROR(__xludf.DUMMYFUNCTION("""COMPUTED_VALUE"""),"ISI") -> ISI | Q1: =IFERROR(__xludf.DUMMYFUNCTION("""COMPUTED_VALUE"""),"Scopus") -> Scopus | R1: =IFERROR(__xludf.DUMMYFUNCTION("""COMPUTED_VALUE"""),"Department") -> Department | S1: =IFERROR(__xludf.DUMMYFUNCTION("""COMPUTED_VALUE"""),"Age") -> Age | T1: =IFERROR(__xludf.DUMMYFUNCTION("""COMPUTED_VALUE"""),"Month") -> Month
A2: =IFERROR(__xludf.DUMMYFUNCTION("""COMPUTED_VALUE"""),2022) -> 2022 | B2: =IFERROR(__xludf.DUMMYFUNCTION("""COMPUTED_VALUE"""),436) -> 436 | C2: =IFERROR(__xludf.DUMMYFUNCTION("""COMPUTED_VALUE"""),"Anthelmintic resistance status of goat gastrointestinal nematodes in Sing Buri Province, Thailand") -> Anthelmintic resistance status of goat gastrointestinal nematodes in Sing Buri Province, Thailand | D2: =IFERROR(__xludf.DUMMYFUNCTION("""COMPUTED_VALUE"""),2) -> 2 | E2: =IFERROR(__xludf.DUMMYFUNCTION("""COMPUTED_VALUE"""),"2022.436") -> 2022.436 | F2: =IFERROR(__xludf.DUMMYFUNCTION("""COMPUTED_VALUE"""),"Goat") -> Goat | G2: =IFERROR(__xludf.DUMMYFUNCTION("""COMPUTED_VALUE"""),"Veterinary World") -> Veterinary World | H2: =IFERROR(__xludf.DUMMYFUNCTION("""COMPUTED_VALUE"""),"Suporn Thongyuan") -> Suporn Thongyuan | I2: =IFERROR(__xludf.DUMMYFUNCTION("""COMPUTED_VALUE"""),"CorrespondingAuthor") -> CorrespondingAuthor | J2: =IFERROR(__xludf.DUMMYFUNCTION("""COMPUTED_VALUE"""),FALSE) -> FALSE | K2: =IFERROR(__xludf.DUMMYFUNCTION("""COMPUTED_VALUE"""),FALSE) -> FALSE | L2: =IFERROR(__xludf.DUMMYFUNCTION("""COMPUTED_VALUE"""),44576) -> 44576 | M2: =IFERROR(__xludf.DUMMYFUNCTION("""COMPUTED_VALUE"""),"International") -> International | N2: =IFERROR(__xludf.DUMMYFUNCTION("""COMPUTED_VALUE"""),2) -> 2 | O2: =IFERROR(__xludf.DUMMYFUNCTION("""COMPUTED_VALUE"""),2.11) -> 2.11 | P2: =IFERROR(__xludf.DUMMYFUNCTION("""COMPUTED_VALUE"""),"No") -> No | Q2: =IFERROR(__xludf.DUMMYFUNCTION("""COMPUTED_VALUE"""),"Yes") -> Yes | R2: =IFERROR(__xludf.DUMMYFUNCTION("""COMPUTED_VALUE"""),"ภาควิชาสัตวแพทยสาธารณสุขศาสตร์") -> ภาควิชาสัตวแพทยสาธารณสุขศาสตร์ | S2: =IFERROR(__xludf.DUMMYFUNCTION("""COMPUTED_VALUE"""),49) -> 49 | T2: =IFERROR(__xludf.DUMMYFUNCTION("""COMPUTED_VALUE"""),"January") -> January
A3: =IFERROR(__xludf.DUMMYFUNCTION("""COMPUTED_VALUE"""),2022) -> 2022 | B3: =IFERROR(__xludf.DUMMYFUNCTION("""COMPUTED_VALUE"""),437) -> 437 | C3: =IFERROR(__xludf.DUMMYFUNCTION("""COMPUTED_VALUE"""),"Anti-cancer potentials of Gynura procumbens leaves extract against two canine mammary cancer cell lines") -> Anti-cancer potentials of Gynura procumbens leaves extract against two canine mammary cancer cell lines | D3: =IFERROR(__xludf.DUMMYFUNCTION("""COMPUTED_VALUE"""),3) -> 3 | E3: =IFERROR(__xludf.DUMMYFUNCTION("""COMPUTED_VALUE"""),"2022.437") -> 2022.437 | F3: =IFERROR(__xludf.DUMMYFUNCTION("""COMPUTED_VALUE"""),"Canine (Cell line)") -> Canine (Cell line) | G3: =IFERROR(__xludf.DUMMYFUNCTION("""COMPUTED_VALUE"""),"Veterinary Medicine and Science") -> Veterinary Medicine and Science | H3: =IFERROR(__xludf.DUMMYFUNCTION("""COMPUTED_VALUE"""),"Usuma Jermnak") -> Usuma Jermnak | I3: =IFERROR(__xludf.DUMMYFUNCTION("""COMPUTED_VALUE"""),"FirstAuthor&CorrespondingAuthor") -> FirstAuthor&CorrespondingAuthor | J3: =IFERROR(__xludf.DUMMYFUNCTION("""COMPUTED_VALUE"""),FALSE) -> FALSE | K3: =IFERROR(__xludf.DUMMYFUNCTION("""COMPUTED_VALUE"""),FALSE) -> FALSE | L3: =IFERROR(__xludf.DUMMYFUNCTION("""COMPUTED_VALUE"""),44576) -> 44576 | M3: =IFERROR(__xludf.DUMMYFUNCTION("""COMPUTED_VALUE"""),"International") -> International | N3: =IFERROR(__xludf.DUMMYFUNCTION("""COMPUTED_VALUE"""),2) -> 2 | O3: =IFERROR(__xludf.DUMMYFUNCTION("""COMPUTED_VALUE"""),1.95) -> 1.95 | P3: =IFERROR(__xludf.DUMMYFUNCTION("""COMPUTED_VALUE"""),"Yes") -> Yes | Q3: =IFERROR(__xludf.DUMMYFUNCTION("""COMPUTED_VALUE"""),"No") -> No | R3: =IFERROR(__xludf.DUMMYFUNCTION("""COMPUTED_VALUE"""),"ภาควิชาเภสัชวิทยา") -> ภาควิชาเภสัชวิทยา | S3: =IFERROR(__xludf.DUMMYFUNCTION("""COMPUTED_VALUE"""),46) -> 46 | T3: =IFERROR(__xludf.DUMMYFUNCTION("""COMPUTED_VALUE"""),"January") -> January
A4: =IFERROR(__xludf.DUMMYFUNCTION("""COMPUTED_VALUE"""),2022) -> 2022 | B4: =IFERROR(__xludf.DUMMYFUNCTION("""COMPUTED_VALUE"""),438) -> 438 | C4: =IFERROR(__xludf.DUMMYFUNCTION("""COMPUTED_VALUE"""),"Buccal mucosal graft urethroplasty in male cats with traumatic complete urethral rupture") -> Buccal mucosal graft urethroplasty in male cats with traumatic complete urethral rupture | D4: =IFERROR(__xludf.DUMMYFUNCTION("""COMPUTED_VALUE"""),5) -> 5 | E4: =IFERROR(__xludf.DUMMYFUNCTION("""COMPUTED_VALUE"""),"2022.438") -> 2022.438 | F4: =IFERROR(__xludf.DUMMYFUNCTION("""COMPUTED_VALUE"""),"Cat") -> Cat | G4: =IFERROR(__xludf.DUMMYFUNCTION("""COMPUTED_VALUE"""),"Journal of the American Veterinary Medical Association") -> Journal of the American Veterinary Medical Association | H4: =IFERROR(__xludf.DUMMYFUNCTION("""COMPUTED_VALUE"""),"Wanchart Yippaditr") -> Wanchart Yippaditr | I4: =IFERROR(__xludf.DUMMYFUNCTION("""COMPUTED_VALUE"""),"FirstAuthor&CorrespondingAuthor") -> FirstAuthor&CorrespondingAuthor | J4: =IFERROR(__xludf.DUMMYFUNCTION("""COMPUTED_VALUE"""),FALSE) -> FALSE | K4: =IFERROR(__xludf.DUMMYFUNCTION("""COMPUTED_VALUE"""),FALSE) -> FALSE | L4: =IFERROR(__xludf.DUMMYFUNCTION("""COMPUTED_VALUE"""),44576) -> 44576 | M4: =IFERROR(__xludf.DUMMYFUNCTION("""COMPUTED_VALUE"""),"International") -> International | N4: =IFERROR(__xludf.DUMMYFUNCTION("""COMPUTED_VALUE"""),1) -> 1 | O4: =IFERROR(__xludf.DUMMYFUNCTION("""COMPUTED_VALUE"""),0.787) -> 0.787 | P4: =IFERROR(__xludf.DUMMYFUNCTION("""COMPUTED_VALUE"""),"Yes") -> Yes | Q4: =IFERROR(__xludf.DUMMYFUNCTION("""COMPUTED_VALUE"""),"Yes") -> Yes | R4: =IFERROR(__xludf.DUMMYFUNCTION("""COMPUTED_VALUE"""),"โรงพยาบาลสัตว์ มก. หัวหิน") -> โรงพยาบาลสัตว์ มก. หัวหิน | S4: =IFERROR(__xludf.DUMMYFUNCTION("""COMPUTED_VALUE"""),47) -> 47 | T4: =IFERROR(__xludf.DUMMYFUNCTION("""COMPUTED_VALUE"""),"January") -> January
A5: =IFERROR(__xludf.DUMMYFUNCTION("""COMPUTED_VALUE"""),2022) -> 2022 | B5: =IFERROR(__xludf.DUMMYFUNCTION("""COMPUTED_VALUE"""),439) -> 439 | C5: =IFERROR(__xludf.DUMMYFUNCTION("""COMPUTED_VALUE"""),"Detection of antibodies against three zoonotic Bartonella spp. and cross-reactivity among species and Coxiella burnetii in dogs and cats from Central Thailand") -> Detection of antibodies against three zoonotic Bartonella spp. and cross-reactivity among species and Coxiella burnetii in dogs and cats from Central Thailand | D5: =IFERROR(__xludf.DUMMYFUNCTION("""COMPUTED_VALUE"""),2) -> 2 | E5: =IFERROR(__xludf.DUMMYFUNCTION("""COMPUTED_VALUE"""),"2022.439") -> 2022.439 | F5: =IFERROR(__xludf.DUMMYFUNCTION("""COMPUTED_VALUE"""),"Dog, Cat") -> Dog, Cat | G5: =IFERROR(__xludf.DUMMYFUNCTION("""COMPUTED_VALUE"""),"Comparative Immunology, Microbiology and Infectious Diseases") -> Comparative Immunology, Microbiology and Infectious Diseases | H5: =IFERROR(__xludf.DUMMYFUNCTION("""COMPUTED_VALUE"""),"Tawin Inpankaew") -> Tawin Inpankaew | I5: =IFERROR(__xludf.DUMMYFUNCTION("""COMPUTED_VALUE"""),"CorrespondingAuthor") -> CorrespondingAuthor | J5: =IFERROR(__xludf.DUMMYFUNCTION("""COMPUTED_VALUE"""),TRUE) -> TRUE | K5: =IFERROR(__xludf.DUMMYFUNCTION("""COMPUTED_VALUE"""),FALSE) -> FALSE | L5: =IFERROR(__xludf.DUMMYFUNCTION("""COMPUTED_VALUE"""),44607) -> 44607 | M5: =IFERROR(__xludf.DUMMYFUNCTION("""COMPUTED_VALUE"""),"International") -> International | N5: =IFERROR(__xludf.DUMMYFUNCTION("""COMPUTED_VALUE"""),1) -> 1 | O5: =IFERROR(__xludf.DUMMYFUNCTION("""COMPUTED_VALUE"""),2.268) -> 2.268 | P5: =IFERROR(__xludf.DUMMYFUNCTION("""COMPUTED_VALUE"""),"No") -> No | Q5: =IFERROR(__xludf.DUMMYFUNCTION("""COMPUTED_VALUE"""),"Yes") -> Yes | R5: =IFERROR(__xludf.DUMMYFUNCTION("""COMPUTED_VALUE"""),"ภาควิชาปรสิตวิทยา") -> ภาควิชาปรสิตวิทยา | S5: =IFERROR(__xludf.DUMMYFUNCTION("""COMPUTED_VALUE"""),47) -> 47 | T5: =IFERROR(__xludf.DUMMYFUNCTION("""COMPUTED_VALUE"""),"February") -> February
C6: =IFERROR(__xludf.DUMMYFUNCTION("""COMPUTED_VALUE"""),"xxxx") -> xxxx | G6: =IFERROR(__xludf.DUMMYFUNCTION("""COMPUTED_VALUE"""),"xxxx") -> xxxx | H6: =IFERROR(__xludf.DUMMYFUNCTION("""COMPUTED_VALUE"""),"xxxx") -> xxxx
A7: =IFERROR(__xludf.DUMMYFUNCTION("""COMPUTED_VALUE"""),2023) -> 2023 | B7: =IFERROR(__xludf.DUMMYFUNCTION("""COMPUTED_VALUE"""),551) -> 551 | C7: =IFERROR(__xludf.DUMMYFUNCTION("""COMPUTED_VALUE"""),"Post-larvae movement network of marine shrimp during the 2013 outbreak of acute hepatopancreatic necrosis disease in Thailand") -> Post-larvae movement network of marine shrimp during the 2013 outbreak of acute hepatopancreatic necrosis disease in Thailand | D7: =IFERROR(__xludf.DUMMYFUNCTION("""COMPUTED_VALUE"""),2) -> 2 | E7: =IFERROR(__xludf.DUMMYFUNCTION("""COMPUTED_VALUE"""),"2023.551") -> 2023.551 | F7: =IFERROR(__xludf.DUMMYFUNCTION("""COMPUTED_VALUE"""),"Shrimp") -> Shrimp | G7: =IFERROR(__xludf.DUMMYFUNCTION("""COMPUTED_VALUE"""),"Preventive Veterinary Medicine") -> Preventive Veterinary Medicine | H7: =IFERROR(__xludf.DUMMYFUNCTION("""COMPUTED_VALUE"""),"Chaithep Poolkhet") -> Chaithep Poolkhet | I7: =IFERROR(__xludf.DUMMYFUNCTION("""COMPUTED_VALUE"""),"CorrespondingAuthor") -> CorrespondingAuthor | J7: =IFERROR(__xludf.DUMMYFUNCTION("""COMPUTED_VALUE"""),FALSE) -> FALSE | K7: =IFERROR(__xludf.DUMMYFUNCTION("""COMPUTED_VALUE"""),FALSE) -> FALSE | L7: =IFERROR(__xludf.DUMMYFUNCTION("""COMPUTED_VALUE"""),44949) -> 44949 | M7: =IFERROR(__xludf.DUMMYFUNCTION("""COMPUTED_VALUE"""),"International") -> International | N7: =IFERROR(__xludf.DUMMYFUNCTION("""COMPUTED_VALUE"""),1) -> 1 | O7: =IFERROR(__xludf.DUMMYFUNCTION("""COMPUTED_VALUE"""),2.67) -> 2.67 | P7: =IFERROR(__xludf.DUMMYFUNCTION("""COMPUTED_VALUE"""),"No") -> No | Q7: =IFERROR(__xludf.DUMMYFUNCTION("""COMPUTED_VALUE"""),"Yes") -> Yes | R7: =IFERROR(__xludf.DUMMYFUNCTION("""COMPUTED_VALUE"""),"ภาควิชาสัตวแพทยสาธารณสุขศาสตร์") -> ภาควิชาสัตวแพทยสาธารณสุขศาสตร์ | S7: =IFERROR(__xludf.DUMMYFUNCTION("""COMPUTED_VALUE"""),51) -> 51 | T7: =IFERROR(__xludf.DUMMYFUNCTION("""COMPUTED_VALUE"""),"January") -> January
A8: =IFERROR(__xludf.DUMMYFUNCTION("""COMPUTED_VALUE"""),2023) -> 2023 | B8: =IFERROR(__xludf.DUMMYFUNCTION("""COMPUTED_VALUE"""),552) -> 552 | C8: =IFERROR(__xludf.DUMMYFUNCTION("""COMPUTED_VALUE"""),"Molecular detection of Loxodontofilaria spp. in Asian elephants (Elephas maximus) from elephant training camps in Thailand") -> Molecular detection of Loxodontofilaria spp. in Asian elephants (Elephas maximus) from elephant training camps in Thailand | D8: =IFERROR(__xludf.DUMMYFUNCTION("""COMPUTED_VALUE"""),2) -> 2 | E8: =IFERROR(__xludf.DUMMYFUNCTION("""COMPUTED_VALUE"""),"2023.552") -> 2023.552 | F8: =IFERROR(__xludf.DUMMYFUNCTION("""COMPUTED_VALUE"""),"Elephant") -> Elephant | G8: =IFERROR(__xludf.DUMMYFUNCTION("""COMPUTED_VALUE"""),"Comparative Immunology, Microbiology and Infectious Diseases") -> Comparative Immunology, Microbiology and Infectious Diseases | H8: =IFERROR(__xludf.DUMMYFUNCTION("""COMPUTED_VALUE"""),"Tawin Inpankaew") -> Tawin Inpankaew | I8: =IFERROR(__xludf.DUMMYFUNCTION("""COMPUTED_VALUE"""),"CorrespondingAuthor") -> CorrespondingAuthor | J8: =IFERROR(__xludf.DUMMYFUNCTION("""COMPUTED_VALUE"""),FALSE) -> FALSE | K8: =IFERROR(__xludf.DUMMYFUNCTION("""COMPUTED_VALUE"""),FALSE) -> FALSE | L8: =IFERROR(__xludf.DUMMYFUNCTION("""COMPUTED_VALUE"""),44931) -> 44931 | M8: =IFERROR(__xludf.DUMMYFUNCTION("""COMPUTED_VALUE"""),"International") -> International | N8: =IFERROR(__xludf.DUMMYFUNCTION("""COMPUTED_VALUE"""),1) -> 1 | O8: =IFERROR(__xludf.DUMMYFUNCTION("""COMPUTED_VALUE"""),2.268) -> 2.268 | P8: =IFERROR(__xludf.DUMMYFUNCTION("""COMPUTED_VALUE"""),"No") -> No | Q8: =IFERROR(__xludf.DUMMYFUNCTION("""COMPUTED_VALUE"""),"Yes") -> Yes | R8: =IFERROR(__xludf.DUMMYFUNCTION("""COMPUTED_VALUE"""),"ภาควิชาปรสิตวิทยา") -> ภาควิชาปรสิตวิทยา | S8: =IFERROR(__xludf.DUMMYFUNCTION("""COMPUTED_VALUE"""),47) -> 47 | T8: =IFERROR(__xludf.DUMMYFUNCTION("""COMPUTED_VALUE"""),"January") -> January
A9: =IFERROR(__xludf.DUMMYFUNCTION("""COMPUTED_VALUE"""),2023) -> 2023 | B9: =IFERROR(__xludf.DUMMYFUNCTION("""COMPUTED_VALUE"""),556) -> 556 | C9: =IFERROR(__xludf.DUMMYFUNCTION("""COMPUTED_VALUE"""),"The impact of farm practices and wild carriers on white spot disease in marine shrimp in Rayong Province, Thailand") -> The impact of farm practices and wild carriers on white spot disease in marine shrimp in Rayong Province, Thailand | D9: =IFERROR(__xludf.DUMMYFUNCTION("""COMPUTED_VALUE"""),2) -> 2 | E9: =IFERROR(__xludf.DUMMYFUNCTION("""COMPUTED_VALUE"""),"2023.556") -> 2023.556 | F9: =IFERROR(__xludf.DUMMYFUNCTION("""COMPUTED_VALUE"""),"Shrimp") -> Shrimp | G9: =IFERROR(__xludf.DUMMYFUNCTION("""COMPUTED_VALUE"""),"Veterinary World") -> Veterinary World | H9: =IFERROR(__xludf.DUMMYFUNCTION("""COMPUTED_VALUE"""),"Chaithep Poolkhet") -> Chaithep Poolkhet | I9: =IFERROR(__xludf.DUMMYFUNCTION("""COMPUTED_VALUE"""),"CorrespondingAuthor") -> CorrespondingAuthor | J9: =IFERROR(__xludf.DUMMYFUNCTION("""COMPUTED_VALUE"""),FALSE) -> FALSE | K9: =IFERROR(__xludf.DUMMYFUNCTION("""COMPUTED_VALUE"""),FALSE) -> FALSE | L9: =IFERROR(__xludf.DUMMYFUNCTION("""COMPUTED_VALUE"""),44942) -> 44942 | M9: =IFERROR(__xludf.DUMMYFUNCTION("""COMPUTED_VALUE"""),"International") -> International | N9: =IFERROR(__xludf.DUMMYFUNCTION("""COMPUTED_VALUE"""),2) -> 2 | O9: =IFERROR(__xludf.DUMMYFUNCTION("""COMPUTED_VALUE"""),2.11) -> 2.11 | P9: =IFERROR(__xludf.DUMMYFUNCTION("""COMPUTED_VALUE"""),"No") -> No | Q9: =IFERROR(__xludf.DUMMYFUNCTION("""COMPUTED_VALUE"""),"Yes") -> Yes | R9: =IFERROR(__xludf.DUMMYFUNCTION("""COMPUTED_VALUE"""),"ภาควิชาสัตวแพทยสาธารณสุขศาสตร์") -> ภาควิชาสัตวแพทยสาธารณสุขศาสตร์ | S9: =IFERROR(__xludf.DUMMYFUNCTION("""COMPUTED_VALUE"""),51) -> 51 | T9: =IFERROR(__xludf.DUMMYFUNCTION("""COMPUTED_VALUE"""),"January") -> January
A10: =IFERROR(__xludf.DUMMYFUNCTION("""COMPUTED_VALUE"""),2023) -> 2023 | B10: =IFERROR(__xludf.DUMMYFUNCTION("""COMPUTED_VALUE"""),557) -> 557 | C10: =IFERROR(__xludf.DUMMYFUNCTION("""COMPUTED_VALUE"""),"Biological effects related to exposure to polychlorinated biphenyl (PCB) and decabromodiphenyl ether (BDE-209) on cats") -> Biological effects related to exposure to polychlorinated biphenyl (PCB) and decabromodiphenyl ether (BDE-209) on cats | D10: =IFERROR(__xludf.DUMMYFUNCTION("""COMPUTED_VALUE"""),5) -> 5 | E10: =IFERROR(__xludf.DUMMYFUNCTION("""COMPUTED_VALUE"""),"2023.557") -> 2023.557 | F10: =IFERROR(__xludf.DUMMYFUNCTION("""COMPUTED_VALUE"""),"Cat") -> Cat | G10: =IFERROR(__xludf.DUMMYFUNCTION("""COMPUTED_VALUE"""),"PloS One") -> PloS One | H10: =IFERROR(__xludf.DUMMYFUNCTION("""COMPUTED_VALUE"""),"Kraisiri Khidkhan") -> Kraisiri Khidkhan | I10: =IFERROR(__xludf.DUMMYFUNCTION("""COMPUTED_VALUE"""),"FirstAuthor") -> FirstAuthor | J10: =IFERROR(__xludf.DUMMYFUNCTION("""COMPUTED_VALUE"""),FALSE) -> FALSE | K10: =IFERROR(__xludf.DUMMYFUNCTION("""COMPUTED_VALUE"""),FALSE) -> FALSE | L10: =IFERROR(__xludf.DUMMYFUNCTION("""COMPUTED_VALUE"""),44946) -> 44946 | M10: =IFERROR(__xludf.DUMMYFUNCTION("""COMPUTED_VALUE"""),"International") -> International | N10: =IFERROR(__xludf.DUMMYFUNCTION("""COMPUTED_VALUE"""),1) -> 1 | O10: =IFERROR(__xludf.DUMMYFUNCTION("""COMPUTED_VALUE"""),3.24) -> 3.24 | P10: =IFERROR(__xludf.DUMMYFUNCTION("""COMPUTED_VALUE"""),"Yes") -> Yes | Q10: =IFERROR(__xludf.DUMMYFUNCTION("""COMPUTED_VALUE"""),"Yes") -> Yes | R10: =IFERROR(__xludf.DUMMYFUNCTION("""COMPUTED_VALUE"""),"ภาควิชาเภสัชวิทยา") -> ภาควิชาเภสัชวิทยา | S10: =IFERROR(__xludf.DUMMYFUNCTION("""COMPUTED_VALUE"""),38) -> 38 | T10: =IFERROR(__xludf.DUMMYFUNCTION("""COMPUTED_VALUE"""),"January") -> January
A11: =IFERROR(__xludf.DUMMYFUNCTION("""COMPUTED_VALUE"""),2023) -> 2023 | B11: =IFERROR(__xludf.DUMMYFUNCTION("""COMPUTED_VALUE"""),559) -> 559 | C11: =IFERROR(__xludf.DUMMYFUNCTION("""COMPUTED_VALUE"""),"Storage Fungi and Mycotoxins Associated with Rice Samples Commercialized in Thailand") -> Storage Fungi and Mycotoxins Associated with Rice Samples Commercialized in Thailand | D11: =IFERROR(__xludf.DUMMYFUNCTION("""COMPUTED_VALUE"""),2) -> 2 | E11: =IFERROR(__xludf.DUMMYFUNCTION("""COMPUTED_VALUE"""),"2023.559") -> 2023.559 | F11: =IFERROR(__xludf.DUMMYFUNCTION("""COMPUTED_VALUE"""),"Mycotoxin") -> Mycotoxin | G11: =IFERROR(__xludf.DUMMYFUNCTION("""COMPUTED_VALUE"""),"Foods") -> Foods | H11: =IFERROR(__xludf.DUMMYFUNCTION("""COMPUTED_VALUE"""),"Saranya Poapolathep") -> Saranya Poapolathep | I11: =IFERROR(__xludf.DUMMYFUNCTION("""COMPUTED_VALUE"""),"CoAuthor") -> CoAuthor | J11: =IFERROR(__xludf.DUMMYFUNCTION("""COMPUTED_VALUE"""),FALSE) -> FALSE | K11: =IFERROR(__xludf.DUMMYFUNCTION("""COMPUTED_VALUE"""),FALSE) -> FALSE | L11: =IFERROR(__xludf.DUMMYFUNCTION("""COMPUTED_VALUE"""),44946) -> 44946 | M11: =IFERROR(__xludf.DUMMYFUNCTION("""COMPUTED_VALUE"""),"International") -> International | N11: =IFERROR(__xludf.DUMMYFUNCTION("""COMPUTED_VALUE"""),1) -> 1 | O11: =IFERROR(__xludf.DUMMYFUNCTION("""COMPUTED_VALUE"""),4.35) -> 4.35 | P11: =IFERROR(__xludf.DUMMYFUNCTION("""COMPUTED_VALUE"""),"Yes") -> Yes | Q11: =IFERROR(__xludf.DUMMYFUNCTION("""COMPUTED_VALUE"""),"Yes") -> Yes | R11: =IFERROR(__xludf.DUMMYFUNCTION("""COMPUTED_VALUE"""),"ภาควิชาเภสัชวิทยา") -> ภาควิชาเภสัชวิทยา | S11: =IFERROR(__xludf.DUMMYFUNCTION("""COMPUTED_VALUE"""),48) -> 48 | T11: =IFERROR(__xludf.DUMMYFUNCTION("""COMPUTED_VALUE"""),"January") -> January
A12: =IFERROR(__xludf.DUMMYFUNCTION("""COMPUTED_VALUE"""),2023) -> 2023 | B12: =IFERROR(__xludf.DUMMYFUNCTION("""COMPUTED_VALUE"""),562) -> 562 | C12: =IFERROR(__xludf.DUMMYFUNCTION("""COMPUTED_VALUE"""),"Serological Detection of Toxoplasma gondii among Free-Grazing Ducks from Central and Western Thailand — A One Health Perspective on Integrated Farming") -> Serological Detection of Toxoplasma gondii among Free-Grazing Ducks from Central and Western Thailand — A One Health Perspective on Integrated Farming | D12: =IFERROR(__xludf.DUMMYFUNCTION("""COMPUTED_VALUE"""),2) -> 2 | E12: =IFERROR(__xludf.DUMMYFUNCTION("""COMPUTED_VALUE"""),"2023.562") -> 2023.562 | F12: =IFERROR(__xludf.DUMMYFUNCTION("""COMPUTED_VALUE"""),"Duck") -> Duck | G12: =IFERROR(__xludf.DUMMYFUNCTION("""COMPUTED_VALUE"""),"Tropical Medicine and Infectious Disease") -> Tropical Medicine and Infectious Disease | H12: =IFERROR(__xludf.DUMMYFUNCTION("""COMPUTED_VALUE"""),"Tawin Inpankaew") -> Tawin Inpankaew | I12: =IFERROR(__xludf.DUMMYFUNCTION("""COMPUTED_VALUE"""),"CorrespondingAuthor") -> CorrespondingAuthor | J12: =IFERROR(__xludf.DUMMYFUNCTION("""COMPUTED_VALUE"""),FALSE) -> FALSE | K12: =IFERROR(__xludf.DUMMYFUNCTION("""COMPUTED_VALUE"""),TRUE) -> TRUE | L12: =IFERROR(__xludf.DUMMYFUNCTION("""COMPUTED_VALUE"""),44963) -> 44963 | M12: =IFERROR(__xludf.DUMMYFUNCTION("""COMPUTED_VALUE"""),"International") -> International | N12: =IFERROR(__xludf.DUMMYFUNCTION("""COMPUTED_VALUE"""),1) -> 1 | O12: =IFERROR(__xludf.DUMMYFUNCTION("""COMPUTED_VALUE"""),3.11) -> 3.11 | P12: =IFERROR(__xludf.DUMMYFUNCTION("""COMPUTED_VALUE"""),"Yes") -> Yes | Q12: =IFERROR(__xludf.DUMMYFUNCTION("""COMPUTED_VALUE"""),"Yes") -> Yes | R12: =IFERROR(__xludf.DUMMYFUNCTION("""COMPUTED_VALUE"""),"ภาควิชาปรสิตวิทยา") -> ภาควิชาปรสิตวิทยา | S12: =IFERROR(__xludf.DUMMYFUNCTION("""COMPUTED_VALUE"""),47) -> 47 | T12: =IFERROR(__xludf.DUMMYFUNCTION("""COMPUTED_VALUE"""),"February") -> February
A13: =IFERROR(__xludf.DUMMYFUNCTION("""COMPUTED_VALUE"""),2023) -> 2023 | B13: =IFERROR(__xludf.DUMMYFUNCTION("""COMPUTED_VALUE"""),563) -> 563 | C13: =IFERROR(__xludf.DUMMYFUNCTION("""COMPUTED_VALUE"""),"Piperine as potential therapy of post-weaning porcine diarrheas: an in vitroย study using a porcine duodenal enteroid model") -> Piperine as potential therapy of post-weaning porcine diarrheas: an in vitroย study using a porcine duodenal enteroid model | D13: =IFERROR(__xludf.DUMMYFUNCTION("""COMPUTED_VALUE"""),2) -> 2 | E13: =IFERROR(__xludf.DUMMYFUNCTION("""COMPUTED_VALUE"""),"2023.563") -> 2023.563 | F13: =IFERROR(__xludf.DUMMYFUNCTION("""COMPUTED_VALUE"""),"Swine") -> Swine | G13: =IFERROR(__xludf.DUMMYFUNCTION("""COMPUTED_VALUE"""),"BMC Veterinary Research") -> BMC Veterinary Research | H13: =IFERROR(__xludf.DUMMYFUNCTION("""COMPUTED_VALUE"""),"Nattaphong Akrimajirachoote") -> Nattaphong Akrimajirachoote | I13: =IFERROR(__xludf.DUMMYFUNCTION("""COMPUTED_VALUE"""),"CoAuthor") -> CoAuthor | J13: =IFERROR(__xludf.DUMMYFUNCTION("""COMPUTED_VALUE"""),FALSE) -> FALSE | K13: =IFERROR(__xludf.DUMMYFUNCTION("""COMPUTED_VALUE"""),FALSE) -> FALSE | L13: =IFERROR(__xludf.DUMMYFUNCTION("""COMPUTED_VALUE"""),44935) -> 44935 | M13: =IFERROR(__xludf.DUMMYFUNCTION("""COMPUTED_VALUE"""),"International") -> International | N13: =IFERROR(__xludf.DUMMYFUNCTION("""COMPUTED_VALUE"""),1) -> 1 | O13: =IFERROR(__xludf.DUMMYFUNCTION("""COMPUTED_VALUE"""),2.741) -> 2.741 | P13: =IFERROR(__xludf.DUMMYFUNCTION("""COMPUTED_VALUE"""),"Yes") -> Yes | Q13: =IFERROR(__xludf.DUMMYFUNCTION("""COMPUTED_VALUE"""),"Yes") -> Yes | R13: =IFERROR(__xludf.DUMMYFUNCTION("""COMPUTED_VALUE"""),"ภาควิชาสรีรวิทยา") -> ภาควิชาสรีรวิทยา | S13: =IFERROR(__xludf.DUMMYFUNCTION("""COMPUTED_VALUE"""),44) -> 44 | T13: =IFERROR(__xludf.DUMMYFUNCTION("""COMPUTED_VALUE"""),"January") -> January
A14: =IFERROR(__xludf.DUMMYFUNCTION("""COMPUTED_VALUE"""),2023) -> 2023 | B14: =IFERROR(__xludf.DUMMYFUNCTION("""COMPUTED_VALUE"""),565) -> 565 | C14: =IFERROR(__xludf.DUMMYFUNCTION("""COMPUTED_VALUE"""),"Oxidative response to Cd and Pb accumulation in coastal fishes of Pattani Bay") -> Oxidative response to Cd and Pb accumulation in coastal fishes of Pattani Bay | D14: =IFERROR(__xludf.DUMMYFUNCTION("""COMPUTED_VALUE"""),2) -> 2 | E14: =IFERROR(__xludf.DUMMYFUNCTION("""COMPUTED_VALUE"""),"2023.565") -> 2023.565 | F14: =IFERROR(__xludf.DUMMYFUNCTION("""COMPUTED_VALUE"""),"Fish") -> Fish | G14: =IFERROR(__xludf.DUMMYFUNCTION("""COMPUTED_VALUE"""),"Italian Journal of Animal Science") -> Italian Journal of Animal Science | H14: =IFERROR(__xludf.DUMMYFUNCTION("""COMPUTED_VALUE"""),"Phanwimol Tanhan") -> Phanwimol Tanhan | I14: =IFERROR(__xludf.DUMMYFUNCTION("""COMPUTED_VALUE"""),"FirstAuthor") -> FirstAuthor | J14: =IFERROR(__xludf.DUMMYFUNCTION("""COMPUTED_VALUE"""),FALSE) -> FALSE | K14: =IFERROR(__xludf.DUMMYFUNCTION("""COMPUTED_VALUE"""),FALSE) -> FALSE | L14: =IFERROR(__xludf.DUMMYFUNCTION("""COMPUTED_VALUE"""),44930) -> 44930 | M14: =IFERROR(__xludf.DUMMYFUNCTION("""COMPUTED_VALUE"""),"International") -> International | N14: =IFERROR(__xludf.DUMMYFUNCTION("""COMPUTED_VALUE"""),2) -> 2 | O14: =IFERROR(__xludf.DUMMYFUNCTION("""COMPUTED_VALUE"""),2.552) -> 2.552 | P14: =IFERROR(__xludf.DUMMYFUNCTION("""COMPUTED_VALUE"""),"Yes") -> Yes | Q14: =IFERROR(__xludf.DUMMYFUNCTION("""COMPUTED_VALUE"""),"Yes") -> Yes | R14: =IFERROR(__xludf.DUMMYFUNCTION("""COMPUTED_VALUE"""),"ภาควิชาเภสัชวิทยา") -> ภาควิชาเภสัชวิทยา | S14: =IFERROR(__xludf.DUMMYFUNCTION("""COMPUTED_VALUE"""),46) -> 46 | T14: =IFERROR(__xludf.DUMMYFUNCTION("""COMPUTED_VALUE"""),"January") -> January
A15: =IFERROR(__xludf.DUMMYFUNCTION("""COMPUTED_VALUE"""),2023) -> 2023 | B15: =IFERROR(__xludf.DUMMYFUNCTION("""COMPUTED_VALUE"""),567) -> 567 | C15: =IFERROR(__xludf.DUMMYFUNCTION("""COMPUTED_VALUE"""),"Molecular Detection and Genetic Characterization of Zoonotic Hookworm in Semi-Domesticated Cats Residing in Monasteries in Bangkok, Thailand") -> Molecular Detection and Genetic Characterization of Zoonotic Hookworm in Semi-Domesticated Cats Residing in Monasteries in Bangkok, Thailand | D15: =IFERROR(__xludf.DUMMYFUNCTION("""COMPUTED_VALUE"""),2) -> 2 | E15: =IFERROR(__xludf.DUMMYFUNCTION("""COMPUTED_VALUE"""),"2023.567") -> 2023.567 | F15: =IFERROR(__xludf.DUMMYFUNCTION("""COMPUTED_VALUE"""),"Cat") -> Cat | G15: =IFERROR(__xludf.DUMMYFUNCTION("""COMPUTED_VALUE"""),"Tropical Medicine and Infectious Disease") -> Tropical Medicine and Infectious Disease | H15: =IFERROR(__xludf.DUMMYFUNCTION("""COMPUTED_VALUE"""),"Tawin Inpankaew") -> Tawin Inpankaew | I15: =IFERROR(__xludf.DUMMYFUNCTION("""COMPUTED_VALUE"""),"CorrespondingAuthor") -> CorrespondingAuthor | J15: =IFERROR(__xludf.DUMMYFUNCTION("""COMPUTED_VALUE"""),FALSE) -> FALSE | K15: =IFERROR(__xludf.DUMMYFUNCTION("""COMPUTED_VALUE"""),FALSE) -> FALSE | L15: =IFERROR(__xludf.DUMMYFUNCTION("""COMPUTED_VALUE"""),44971) -> 44971 | M15: =IFERROR(__xludf.DUMMYFUNCTION("""COMPUTED_VALUE"""),"International") -> International | N15: =IFERROR(__xludf.DUMMYFUNCTION("""COMPUTED_VALUE"""),1) -> 1 | O15: =IFERROR(__xludf.DUMMYFUNCTION("""COMPUTED_VALUE"""),3.11) -> 3.11 | P15: =IFERROR(__xludf.DUMMYFUNCTION("""COMPUTED_VALUE"""),"Yes") -> Yes | Q15: =IFERROR(__xludf.DUMMYFUNCTION("""COMPUTED_VALUE"""),"Yes") -> Yes | R15: =IFERROR(__xludf.DUMMYFUNCTION("""COMPUTED_VALUE"""),"ภาควิชาปรสิตวิทยา") -> ภาควิชาปรสิตวิทยา | S15: =IFERROR(__xludf.DUMMYFUNCTION("""COMPUTED_VALUE"""),47) -> 47 | T15: =IFERROR(__xludf.DUMMYFUNCTION("""COMPUTED_VALUE"""),"February") -> February
A16: =IFERROR(__xludf.DUMMYFUNCTION("""COMPUTED_VALUE"""),2023) -> 2023 | B16: =IFERROR(__xludf.DUMMYFUNCTION("""COMPUTED_VALUE"""),569) -> 569 | C16: =IFERROR(__xludf.DUMMYFUNCTION("""COMPUTED_VALUE"""),"An exploratory study on the perceptions of rabies and ill-health causations and health seeking behaviours of school children and local communities in southern Bhutan") -> An exploratory study on the perceptions of rabies and ill-health causations and health seeking behaviours of school children and local communities in southern Bhutan | D16: =IFERROR(__xludf.DUMMYFUNCTION("""COMPUTED_VALUE"""),2) -> 2 | E16: =IFERROR(__xludf.DUMMYFUNCTION("""COMPUTED_VALUE"""),"2023.569") -> 2023.569 | F16: =IFERROR(__xludf.DUMMYFUNCTION("""COMPUTED_VALUE"""),"Rabies") -> Rabies | G16: =IFERROR(__xludf.DUMMYFUNCTION("""COMPUTED_VALUE"""),"BMC Public Health") -> BMC Public Health | H16: =IFERROR(__xludf.DUMMYFUNCTION("""COMPUTED_VALUE"""),"Waraphon Phimpraphai") -> Waraphon Phimpraphai | I16: =IFERROR(__xludf.DUMMYFUNCTION("""COMPUTED_VALUE"""),"CoAuthor") -> CoAuthor | J16: =IFERROR(__xludf.DUMMYFUNCTION("""COMPUTED_VALUE"""),FALSE) -> FALSE | K16: =IFERROR(__xludf.DUMMYFUNCTION("""COMPUTED_VALUE"""),FALSE) -> FALSE | L16: =IFERROR(__xludf.DUMMYFUNCTION("""COMPUTED_VALUE"""),44964) -> 44964 | M16: =IFERROR(__xludf.DUMMYFUNCTION("""COMPUTED_VALUE"""),"International") -> International | N16: =IFERROR(__xludf.DUMMYFUNCTION("""COMPUTED_VALUE"""),1) -> 1 | O16: =IFERROR(__xludf.DUMMYFUNCTION("""COMPUTED_VALUE"""),4.545) -> 4.545 | P16: =IFERROR(__xludf.DUMMYFUNCTION("""COMPUTED_VALUE"""),"Yes") -> Yes | Q16: =IFERROR(__xludf.DUMMYFUNCTION("""COMPUTED_VALUE"""),"Yes") -> Yes | R16: =IFERROR(__xludf.DUMMYFUNCTION("""COMPUTED_VALUE"""),"ภาควิชาสัตวแพทยสาธารณสุขศาสตร์") -> ภาควิชาสัตวแพทยสาธารณสุขศาสตร์ | S16: =IFERROR(__xludf.DUMMYFUNCTION("""COMPUTED_VALUE"""),50) -> 50 | T16: =IFERROR(__xludf.DUMMYFUNCTION("""COMPUTED_VALUE"""),"February") -> February
A17: =IFERROR(__xludf.DUMMYFUNCTION("""COMPUTED_VALUE"""),2023) -> 2023 | B17: =IFERROR(__xludf.DUMMYFUNCTION("""COMPUTED_VALUE"""),571) -> 571 | C17: =IFERROR(__xludf.DUMMYFUNCTION("""COMPUTED_VALUE"""),"Development of a lateral flow dipstick test for the detection of 4 strains of Salmonella spp. in animal products and animal production environmental samples based on loop-mediated isothermal amplification") -> Development of a lateral flow dipstick test for the detection of 4 strains of Salmonella spp. in animal products and animal production environmental samples based on loop-mediated isothermal amplification | D17: =IFERROR(__xludf.DUMMYFUNCTION("""COMPUTED_VALUE"""),2) -> 2 | E17: =IFERROR(__xludf.DUMMYFUNCTION("""COMPUTED_VALUE"""),"2023.571") -> 2023.571 | F17: =IFERROR(__xludf.DUMMYFUNCTION("""COMPUTED_VALUE"""),"Meat") -> Meat | G17: =IFERROR(__xludf.DUMMYFUNCTION("""COMPUTED_VALUE"""),"Animal Bioscience") -> Animal Bioscience | H17: =IFERROR(__xludf.DUMMYFUNCTION("""COMPUTED_VALUE"""),"Chalermkiat Saengthongpinit") -> Chalermkiat Saengthongpinit | I17: =IFERROR(__xludf.DUMMYFUNCTION("""COMPUTED_VALUE"""),"CorrespondingAuthor") -> CorrespondingAuthor | J17: =IFERROR(__xludf.DUMMYFUNCTION("""COMPUTED_VALUE"""),FALSE) -> FALSE | K17: =IFERROR(__xludf.DUMMYFUNCTION("""COMPUTED_VALUE"""),FALSE) -> FALSE | L17: =IFERROR(__xludf.DUMMYFUNCTION("""COMPUTED_VALUE"""),45021) -> 45021 | M17: =IFERROR(__xludf.DUMMYFUNCTION("""COMPUTED_VALUE"""),"International") -> International | N17: =IFERROR(__xludf.DUMMYFUNCTION("""COMPUTED_VALUE"""),1) -> 1 | O17: =IFERROR(__xludf.DUMMYFUNCTION("""COMPUTED_VALUE"""),2.509) -> 2.509 | P17: =IFERROR(__xludf.DUMMYFUNCTION("""COMPUTED_VALUE"""),"Yes") -> Yes | Q17: =IFERROR(__xludf.DUMMYFUNCTION("""COMPUTED_VALUE"""),"Yes") -> Yes | R17: =IFERROR(__xludf.DUMMYFUNCTION("""COMPUTED_VALUE"""),"ภาควิชาสัตวแพทยสาธารณสุขศาสตร์") -> ภาควิชาสัตวแพทยสาธารณสุขศาสตร์ | S17: =IFERROR(__xludf.DUMMYFUNCTION("""COMPUTED_VALUE"""),52) -> 52 | T17: =IFERROR(__xludf.DUMMYFUNCTION("""COMPUTED_VALUE"""),"April") -> April
A18: =IFERROR(__xludf.DUMMYFUNCTION("""COMPUTED_VALUE"""),2023) -> 2023 | B18: =IFERROR(__xludf.DUMMYFUNCTION("""COMPUTED_VALUE"""),572) -> 572 | C18: =IFERROR(__xludf.DUMMYFUNCTION("""COMPUTED_VALUE"""),"Concurrent infections of Streptococcus iniae and Aeromonas veronii in farmed Giant snakehead (Channa micropeltes)") -> Concurrent infections of Streptococcus iniae and Aeromonas veronii in farmed Giant snakehead (Channa micropeltes) | D18: =IFERROR(__xludf.DUMMYFUNCTION("""COMPUTED_VALUE"""),2) -> 2 | E18: =IFERROR(__xludf.DUMMYFUNCTION("""COMPUTED_VALUE"""),"2023.572") -> 2023.572 | F18: =IFERROR(__xludf.DUMMYFUNCTION("""COMPUTED_VALUE"""),"Fish") -> Fish | G18: =IFERROR(__xludf.DUMMYFUNCTION("""COMPUTED_VALUE"""),"Journal of Fish Diseases") -> Journal of Fish Diseases | H18: =IFERROR(__xludf.DUMMYFUNCTION("""COMPUTED_VALUE"""),"Win Surachetpong") -> Win Surachetpong | I18: =IFERROR(__xludf.DUMMYFUNCTION("""COMPUTED_VALUE"""),"CorrespondingAuthor") -> CorrespondingAuthor | J18: =IFERROR(__xludf.DUMMYFUNCTION("""COMPUTED_VALUE"""),FALSE) -> FALSE | K18: =IFERROR(__xludf.DUMMYFUNCTION("""COMPUTED_VALUE"""),FALSE) -> FALSE | L18: =IFERROR(__xludf.DUMMYFUNCTION("""COMPUTED_VALUE"""),44988) -> 44988 | M18: =IFERROR(__xludf.DUMMYFUNCTION("""COMPUTED_VALUE"""),"International") -> International | N18: =IFERROR(__xludf.DUMMYFUNCTION("""COMPUTED_VALUE"""),1) -> 1 | O18: =IFERROR(__xludf.DUMMYFUNCTION("""COMPUTED_VALUE"""),2.63) -> 2.63 | P18: =IFERROR(__xludf.DUMMYFUNCTION("""COMPUTED_VALUE"""),"Yes") -> Yes | Q18: =IFERROR(__xludf.DUMMYFUNCTION("""COMPUTED_VALUE"""),"Yes") -> Yes | R18: =IFERROR(__xludf.DUMMYFUNCTION("""COMPUTED_VALUE"""),"ภาควิชาจุลชีววิทยาและวิทยาฯ") -> ภาควิชาจุลชีววิทยาและวิทยาฯ | S18: =IFERROR(__xludf.DUMMYFUNCTION("""COMPUTED_VALUE"""),48) -> 48 | T18: =IFERROR(__xludf.DUMMYFUNCTION("""COMPUTED_VALUE"""),"March") -> March
A19: =IFERROR(__xludf.DUMMYFUNCTION("""COMPUTED_VALUE"""),2023) -> 2023 | B19: =IFERROR(__xludf.DUMMYFUNCTION("""COMPUTED_VALUE"""),573) -> 573 | C19: =IFERROR(__xludf.DUMMYFUNCTION("""COMPUTED_VALUE"""),"Companion Vector-Borne Pathogens and Associated Risk Factors in Apparently Healthy Pet Animals (Dogs and Cats) in Khukhot City Municipality, Pathum Thani Province, Thailand") -> Companion Vector-Borne Pathogens and Associated Risk Factors in Apparently Healthy Pet Animals (Dogs and Cats) in Khukhot City Municipality, Pathum Thani Province, Thailand | D19: =IFERROR(__xludf.DUMMYFUNCTION("""COMPUTED_VALUE"""),2) -> 2 | E19: =IFERROR(__xludf.DUMMYFUNCTION("""COMPUTED_VALUE"""),"2023.573") -> 2023.573 | F19: =IFERROR(__xludf.DUMMYFUNCTION("""COMPUTED_VALUE"""),"Dog") -> Dog | G19: =IFERROR(__xludf.DUMMYFUNCTION("""COMPUTED_VALUE"""),"Pathogens") -> Pathogens | H19: =IFERROR(__xludf.DUMMYFUNCTION("""COMPUTED_VALUE"""),"Tawin Inpankaew") -> Tawin Inpankaew | I19: =IFERROR(__xludf.DUMMYFUNCTION("""COMPUTED_VALUE"""),"CorrespondingAuthor") -> CorrespondingAuthor | J19: =IFERROR(__xludf.DUMMYFUNCTION("""COMPUTED_VALUE"""),FALSE) -> FALSE | K19: =IFERROR(__xludf.DUMMYFUNCTION("""COMPUTED_VALUE"""),FALSE) -> FALSE | L19: =IFERROR(__xludf.DUMMYFUNCTION("""COMPUTED_VALUE"""),44981) -> 44981 | M19: =IFERROR(__xludf.DUMMYFUNCTION("""COMPUTED_VALUE"""),"International") -> International | N19: =IFERROR(__xludf.DUMMYFUNCTION("""COMPUTED_VALUE"""),2) -> 2 | O19: =IFERROR(__xludf.DUMMYFUNCTION("""COMPUTED_VALUE"""),3.405) -> 3.405 | P19: =IFERROR(__xludf.DUMMYFUNCTION("""COMPUTED_VALUE"""),"Yes") -> Yes | Q19: =IFERROR(__xludf.DUMMYFUNCTION("""COMPUTED_VALUE"""),"Yes") -> Yes | R19: =IFERROR(__xludf.DUMMYFUNCTION("""COMPUTED_VALUE"""),"ภาควิชาปรสิตวิทยา") -> ภาควิชาปรสิตวิทยา | S19: =IFERROR(__xludf.DUMMYFUNCTION("""COMPUTED_VALUE"""),47) -> 47 | T19: =IFERROR(__xludf.DUMMYFUNCTION("""COMPUTED_VALUE"""),"February") -> February
A20: =IFERROR(__xludf.DUMMYFUNCTION("""COMPUTED_VALUE"""),2023) -> 2023 | B20: =IFERROR(__xludf.DUMMYFUNCTION("""COMPUTED_VALUE"""),574) -> 574 | C20: =IFERROR(__xludf.DUMMYFUNCTION("""COMPUTED_VALUE"""),"Tilapia lake virus (TiLV) causes severe anaemia and systemic disease in tilapia") -> Tilapia lake virus (TiLV) causes severe anaemia and systemic disease in tilapia | D20: =IFERROR(__xludf.DUMMYFUNCTION("""COMPUTED_VALUE"""),2) -> 2 | E20: =IFERROR(__xludf.DUMMYFUNCTION("""COMPUTED_VALUE"""),"2023.574") -> 2023.574 | F20: =IFERROR(__xludf.DUMMYFUNCTION("""COMPUTED_VALUE"""),"Fish") -> Fish | G20: =IFERROR(__xludf.DUMMYFUNCTION("""COMPUTED_VALUE"""),"Journal of Fish Diseases") -> Journal of Fish Diseases | H20: =IFERROR(__xludf.DUMMYFUNCTION("""COMPUTED_VALUE"""),"Win Surachetpong") -> Win Surachetpong | I20: =IFERROR(__xludf.DUMMYFUNCTION("""COMPUTED_VALUE"""),"CorrespondingAuthor") -> CorrespondingAuthor | J20: =IFERROR(__xludf.DUMMYFUNCTION("""COMPUTED_VALUE"""),TRUE) -> TRUE | K20: =IFERROR(__xludf.DUMMYFUNCTION("""COMPUTED_VALUE"""),FALSE) -> FALSE | L20: =IFERROR(__xludf.DUMMYFUNCTION("""COMPUTED_VALUE"""),44984) -> 44984 | M20: =IFERROR(__xludf.DUMMYFUNCTION("""COMPUTED_VALUE"""),"International") -> International | N20: =IFERROR(__xludf.DUMMYFUNCTION("""COMPUTED_VALUE"""),1) -> 1 | O20: =IFERROR(__xludf.DUMMYFUNCTION("""COMPUTED_VALUE"""),2.63) -> 2.63 | P20: =IFERROR(__xludf.DUMMYFUNCTION("""COMPUTED_VALUE"""),"Yes") -> Yes | Q20: =IFERROR(__xludf.DUMMYFUNCTION("""COMPUTED_VALUE"""),"Yes") -> Yes | R20: =IFERROR(__xludf.DUMMYFUNCTION("""COMPUTED_VALUE"""),"ภาควิชาจุลชีววิทยาและวิทยาฯ") -> ภาควิชาจุลชีววิทยาและวิทยาฯ | S20: =IFERROR(__xludf.DUMMYFUNCTION("""COMPUTED_VALUE"""),48) -> 48 | T20: =IFERROR(__xludf.DUMMYFUNCTION("""COMPUTED_VALUE"""),"February") -> February
A21: =IFERROR(__xludf.DUMMYFUNCTION("""COMPUTED_VALUE"""),2023) -> 2023 | B21: =IFERROR(__xludf.DUMMYFUNCTION("""COMPUTED_VALUE"""),575) -> 575 | C21: =IFERROR(__xludf.DUMMYFUNCTION("""COMPUTED_VALUE"""),"Review of alternatives to antibiotic use in aquaculture") -> Review of alternatives to antibiotic use in aquaculture | D21: =IFERROR(__xludf.DUMMYFUNCTION("""COMPUTED_VALUE"""),3) -> 3 | E21: =IFERROR(__xludf.DUMMYFUNCTION("""COMPUTED_VALUE"""),"2023.575") -> 2023.575 | F21: =IFERROR(__xludf.DUMMYFUNCTION("""COMPUTED_VALUE"""),"Fish") -> Fish | G21: =IFERROR(__xludf.DUMMYFUNCTION("""COMPUTED_VALUE"""),"Reviews in aquaculture") -> Reviews in aquaculture | H21: =IFERROR(__xludf.DUMMYFUNCTION("""COMPUTED_VALUE"""),"Win Surachetpong") -> Win Surachetpong | I21: =IFERROR(__xludf.DUMMYFUNCTION("""COMPUTED_VALUE"""),"CoAuthor") -> CoAuthor | J21: =IFERROR(__xludf.DUMMYFUNCTION("""COMPUTED_VALUE"""),FALSE) -> FALSE | K21: =IFERROR(__xludf.DUMMYFUNCTION("""COMPUTED_VALUE"""),FALSE) -> FALSE | L21: =IFERROR(__xludf.DUMMYFUNCTION("""COMPUTED_VALUE"""),44981) -> 44981 | M21: =IFERROR(__xludf.DUMMYFUNCTION("""COMPUTED_VALUE"""),"International") -> International | N21: =IFERROR(__xludf.DUMMYFUNCTION("""COMPUTED_VALUE"""),1) -> 1 | O21: =IFERROR(__xludf.DUMMYFUNCTION("""COMPUTED_VALUE"""),10.618) -> 10.618 | P21: =IFERROR(__xludf.DUMMYFUNCTION("""COMPUTED_VALUE"""),"Yes") -> Yes | Q21: =IFERROR(__xludf.DUMMYFUNCTION("""COMPUTED_VALUE"""),"Yes") -> Yes | R21: =IFERROR(__xludf.DUMMYFUNCTION("""COMPUTED_VALUE"""),"ภาควิชาจุลชีววิทยาและวิทยาฯ") -> ภาควิชาจุลชีววิทยาและวิทยาฯ | S21: =IFERROR(__xludf.DUMMYFUNCTION("""COMPUTED_VALUE"""),48) -> 48 | T21: =IFERROR(__xludf.DUMMYFUNCTION("""COMPUTED_VALUE"""),"February") -> February
A22: =IFERROR(__xludf.DUMMYFUNCTION("""COMPUTED_VALUE"""),2023) -> 2023 | B22: =IFERROR(__xludf.DUMMYFUNCTION("""COMPUTED_VALUE"""),576) -> 576 | C22: =IFERROR(__xludf.DUMMYFUNCTION("""COMPUTED_VALUE"""),"Sample preparation and mass spectrometry for determining mycotoxins, hazardous fungi, and their metabolites in the environment, food, and healthcare") -> Sample preparation and mass spectrometry for determining mycotoxins, hazardous fungi, and their metabolites in the environment, food, and healthcare | D22: =IFERROR(__xludf.DUMMYFUNCTION("""COMPUTED_VALUE"""),2) -> 2 | E22: =IFERROR(__xludf.DUMMYFUNCTION("""COMPUTED_VALUE"""),"2023.576") -> 2023.576 | F22: =IFERROR(__xludf.DUMMYFUNCTION("""COMPUTED_VALUE"""),"Mycotoxin") -> Mycotoxin | G22: =IFERROR(__xludf.DUMMYFUNCTION("""COMPUTED_VALUE"""),"TrAC Trends in Analytical Chemistry") -> TrAC Trends in Analytical Chemistry | H22: =IFERROR(__xludf.DUMMYFUNCTION("""COMPUTED_VALUE"""),"Saranya Poapolathep") -> Saranya Poapolathep | I22: =IFERROR(__xludf.DUMMYFUNCTION("""COMPUTED_VALUE"""),"CoAuthor") -> CoAuthor | J22: =IFERROR(__xludf.DUMMYFUNCTION("""COMPUTED_VALUE"""),FALSE) -> FALSE | K22: =IFERROR(__xludf.DUMMYFUNCTION("""COMPUTED_VALUE"""),FALSE) -> FALSE | L22: =IFERROR(__xludf.DUMMYFUNCTION("""COMPUTED_VALUE"""),45008) -> 45008 | M22: =IFERROR(__xludf.DUMMYFUNCTION("""COMPUTED_VALUE"""),"International") -> International | N22: =IFERROR(__xludf.DUMMYFUNCTION("""COMPUTED_VALUE"""),1) -> 1 | O22: =IFERROR(__xludf.DUMMYFUNCTION("""COMPUTED_VALUE"""),14.908) -> 14.908 | P22: =IFERROR(__xludf.DUMMYFUNCTION("""COMPUTED_VALUE"""),"Yes") -> Yes | Q22: =IFERROR(__xludf.DUMMYFUNCTION("""COMPUTED_VALUE"""),"Yes") -> Yes | R22: =IFERROR(__xludf.DUMMYFUNCTION("""COMPUTED_VALUE"""),"ภาควิชาเภสัชวิทยา") -> ภาควิชาเภสัชวิทยา | S22: =IFERROR(__xludf.DUMMYFUNCTION("""COMPUTED_VALUE"""),48) -> 48 | T22: =IFERROR(__xludf.DUMMYFUNCTION("""COMPUTED_VALUE"""),"March") -> March
A23: =IFERROR(__xludf.DUMMYFUNCTION("""COMPUTED_VALUE"""),2023) -> 2023 | B23: =IFERROR(__xludf.DUMMYFUNCTION("""COMPUTED_VALUE"""),578) -> 578 | C23: =IFERROR(__xludf.DUMMYFUNCTION("""COMPUTED_VALUE"""),"Spatial, Temporal, and Geographical Factors Associated with Stranded Marine Endangered Species in Thailand during 2006–2015") -> Spatial, Temporal, and Geographical Factors Associated with Stranded Marine Endangered Species in Thailand during 2006–2015 | D23: =IFERROR(__xludf.DUMMYFUNCTION("""COMPUTED_VALUE"""),2) -> 2 | E23: =IFERROR(__xludf.DUMMYFUNCTION("""COMPUTED_VALUE"""),"2023.578") -> 2023.578 | F23: =IFERROR(__xludf.DUMMYFUNCTION("""COMPUTED_VALUE"""),"Marine") -> Marine | G23: =IFERROR(__xludf.DUMMYFUNCTION("""COMPUTED_VALUE"""),"Biology") -> Biology | H23: =IFERROR(__xludf.DUMMYFUNCTION("""COMPUTED_VALUE"""),"Chaithep Poolkhet") -> Chaithep Poolkhet | I23: =IFERROR(__xludf.DUMMYFUNCTION("""COMPUTED_VALUE"""),"CorrespondingAuthor") -> CorrespondingAuthor | J23: =IFERROR(__xludf.DUMMYFUNCTION("""COMPUTED_VALUE"""),TRUE) -> TRUE | K23: =IFERROR(__xludf.DUMMYFUNCTION("""COMPUTED_VALUE"""),FALSE) -> FALSE | L23: =IFERROR(__xludf.DUMMYFUNCTION("""COMPUTED_VALUE"""),44999) -> 44999 | M23: =IFERROR(__xludf.DUMMYFUNCTION("""COMPUTED_VALUE"""),"International") -> International | N23: =IFERROR(__xludf.DUMMYFUNCTION("""COMPUTED_VALUE"""),1) -> 1 | O23: =IFERROR(__xludf.DUMMYFUNCTION("""COMPUTED_VALUE"""),5.168) -> 5.168 | P23: =IFERROR(__xludf.DUMMYFUNCTION("""COMPUTED_VALUE"""),"Yes") -> Yes | Q23: =IFERROR(__xludf.DUMMYFUNCTION("""COMPUTED_VALUE"""),"Yes") -> Yes | R23: =IFERROR(__xludf.DUMMYFUNCTION("""COMPUTED_VALUE"""),"ภาควิชาสัตวแพทยสาธารณสุขศาสตร์") -> ภาควิชาสัตวแพทยสาธารณสุขศาสตร์ | S23: =IFERROR(__xludf.DUMMYFUNCTION("""COMPUTED_VALUE"""),51) -> 51 | T23: =IFERROR(__xludf.DUMMYFUNCTION("""COMPUTED_VALUE"""),"March") -> March
A24: =IFERROR(__xludf.DUMMYFUNCTION("""COMPUTED_VALUE"""),2023) -> 2023 | B24: =IFERROR(__xludf.DUMMYFUNCTION("""COMPUTED_VALUE"""),579) -> 579 | C24: =IFERROR(__xludf.DUMMYFUNCTION("""COMPUTED_VALUE"""),"Comparative Efficacy of Chimeric Porcine Circovirus (PCV) Vaccines against Experimental Heterologous PCV2d Challenges") -> Comparative Efficacy of Chimeric Porcine Circovirus (PCV) Vaccines against Experimental Heterologous PCV2d Challenges | D24: =IFERROR(__xludf.DUMMYFUNCTION("""COMPUTED_VALUE"""),2) -> 2 | E24: =IFERROR(__xludf.DUMMYFUNCTION("""COMPUTED_VALUE"""),"2023.579") -> 2023.579 | F24: =IFERROR(__xludf.DUMMYFUNCTION("""COMPUTED_VALUE"""),"Swine") -> Swine | G24: =IFERROR(__xludf.DUMMYFUNCTION("""COMPUTED_VALUE"""),"Veterinary Sciences") -> Veterinary Sciences | H24: =IFERROR(__xludf.DUMMYFUNCTION("""COMPUTED_VALUE"""),"Manakorn Sukmak") -> Manakorn Sukmak | I24: =IFERROR(__xludf.DUMMYFUNCTION("""COMPUTED_VALUE"""),"CoAuthor") -> CoAuthor | J24: =IFERROR(__xludf.DUMMYFUNCTION("""COMPUTED_VALUE"""),FALSE) -> FALSE | K24: =IFERROR(__xludf.DUMMYFUNCTION("""COMPUTED_VALUE"""),FALSE) -> FALSE | L24: =IFERROR(__xludf.DUMMYFUNCTION("""COMPUTED_VALUE"""),44945) -> 44945 | M24: =IFERROR(__xludf.DUMMYFUNCTION("""COMPUTED_VALUE"""),"International") -> International | N24: =IFERROR(__xludf.DUMMYFUNCTION("""COMPUTED_VALUE"""),1) -> 1 | O24: =IFERROR(__xludf.DUMMYFUNCTION("""COMPUTED_VALUE"""),2.304) -> 2.304 | P24: =IFERROR(__xludf.DUMMYFUNCTION("""COMPUTED_VALUE"""),"Yes") -> Yes | Q24: =IFERROR(__xludf.DUMMYFUNCTION("""COMPUTED_VALUE"""),"Yes") -> Yes | R24: =IFERROR(__xludf.DUMMYFUNCTION("""COMPUTED_VALUE"""),"ภาควิชาเวชศาสตร์และทรัพยากรการผลิตสัตว์") -> ภาควิชาเวชศาสตร์และทรัพยากรการผลิตสัตว์ | S24: =IFERROR(__xludf.DUMMYFUNCTION("""COMPUTED_VALUE"""),42) -> 42 | T24: =IFERROR(__xludf.DUMMYFUNCTION("""COMPUTED_VALUE"""),"January") -> January
A25: =IFERROR(__xludf.DUMMYFUNCTION("""COMPUTED_VALUE"""),2023) -> 2023 | B25: =IFERROR(__xludf.DUMMYFUNCTION("""COMPUTED_VALUE"""),580) -> 580 | C25: =IFERROR(__xludf.DUMMYFUNCTION("""COMPUTED_VALUE"""),"How susceptible are rainbow trout and brown trout to infection with tilapia lake virus at increased water temperature – Is there any potential for climate change driven host jump?") -> How susceptible are rainbow trout and brown trout to infection with tilapia lake virus at increased water temperature – Is there any potential for climate change driven host jump? | D25: =IFERROR(__xludf.DUMMYFUNCTION("""COMPUTED_VALUE"""),2) -> 2 | E25: =IFERROR(__xludf.DUMMYFUNCTION("""COMPUTED_VALUE"""),"2023.580") -> 2023.580 | F25: =IFERROR(__xludf.DUMMYFUNCTION("""COMPUTED_VALUE"""),"Fish") -> Fish | G25: =IFERROR(__xludf.DUMMYFUNCTION("""COMPUTED_VALUE"""),"Aquaculture") -> Aquaculture | H25: =IFERROR(__xludf.DUMMYFUNCTION("""COMPUTED_VALUE"""),"Win Surachetpong") -> Win Surachetpong | I25: =IFERROR(__xludf.DUMMYFUNCTION("""COMPUTED_VALUE"""),"CoAuthor") -> CoAuthor | J25: =IFERROR(__xludf.DUMMYFUNCTION("""COMPUTED_VALUE"""),FALSE) -> FALSE | K25: =IFERROR(__xludf.DUMMYFUNCTION("""COMPUTED_VALUE"""),FALSE) -> FALSE | L25: =IFERROR(__xludf.DUMMYFUNCTION("""COMPUTED_VALUE"""),45107) -> 45107 | M25: =IFERROR(__xludf.DUMMYFUNCTION("""COMPUTED_VALUE"""),"International") -> International | N25: =IFERROR(__xludf.DUMMYFUNCTION("""COMPUTED_VALUE"""),1) -> 1 | O25: =IFERROR(__xludf.DUMMYFUNCTION("""COMPUTED_VALUE"""),4.242) -> 4.242 | P25: =IFERROR(__xludf.DUMMYFUNCTION("""COMPUTED_VALUE"""),"Yes") -> Yes | Q25: =IFERROR(__xludf.DUMMYFUNCTION("""COMPUTED_VALUE"""),"Yes") -> Yes | R25: =IFERROR(__xludf.DUMMYFUNCTION("""COMPUTED_VALUE"""),"ภาควิชาจุลชีววิทยาและวิทยาฯ") -> ภาควิชาจุลชีววิทยาและวิทยาฯ | S25: =IFERROR(__xludf.DUMMYFUNCTION("""COMPUTED_VALUE"""),48) -> 48 | T25: =IFERROR(__xludf.DUMMYFUNCTION("""COMPUTED_VALUE"""),"June") -> June
A26: =IFERROR(__xludf.DUMMYFUNCTION("""COMPUTED_VALUE"""),2023) -> 2023 | B26: =IFERROR(__xludf.DUMMYFUNCTION("""COMPUTED_VALUE"""),581) -> 581 | C26: =IFERROR(__xludf.DUMMYFUNCTION("""COMPUTED_VALUE"""),"Streptococcus agalactiae Serotype VII, an Emerging Pathogen Affecting Snakeskin Gourami (Trichogaster pectoralis) in Intensive Farming") -> Streptococcus agalactiae Serotype VII, an Emerging Pathogen Affecting Snakeskin Gourami (Trichogaster pectoralis) in Intensive Farming | D26: =IFERROR(__xludf.DUMMYFUNCTION("""COMPUTED_VALUE"""),2) -> 2 | E26: =IFERROR(__xludf.DUMMYFUNCTION("""COMPUTED_VALUE"""),"2023.581") -> 2023.581 | F26: =IFERROR(__xludf.DUMMYFUNCTION("""COMPUTED_VALUE"""),"Fish") -> Fish | G26: =IFERROR(__xludf.DUMMYFUNCTION("""COMPUTED_VALUE"""),"Transboundary and Emerging Diseases") -> Transboundary and Emerging Diseases | H26: =IFERROR(__xludf.DUMMYFUNCTION("""COMPUTED_VALUE"""),"Win Surachetpong") -> Win Surachetpong | I26: =IFERROR(__xludf.DUMMYFUNCTION("""COMPUTED_VALUE"""),"CorrespondingAuthor") -> CorrespondingAuthor | J26: =IFERROR(__xludf.DUMMYFUNCTION("""COMPUTED_VALUE"""),FALSE) -> FALSE | K26: =IFERROR(__xludf.DUMMYFUNCTION("""COMPUTED_VALUE"""),FALSE) -> FALSE | L26: =IFERROR(__xludf.DUMMYFUNCTION("""COMPUTED_VALUE"""),45009) -> 45009 | M26: =IFERROR(__xludf.DUMMYFUNCTION("""COMPUTED_VALUE"""),"International") -> International | N26: =IFERROR(__xludf.DUMMYFUNCTION("""COMPUTED_VALUE"""),1) -> 1 | O26: =IFERROR(__xludf.DUMMYFUNCTION("""COMPUTED_VALUE"""),5.005) -> 5.005 | P26: =IFERROR(__xludf.DUMMYFUNCTION("""COMPUTED_VALUE"""),"Yes") -> Yes | Q26: =IFERROR(__xludf.DUMMYFUNCTION("""COMPUTED_VALUE"""),"No") -> No | R26: =IFERROR(__xludf.DUMMYFUNCTION("""COMPUTED_VALUE"""),"ภาควิชาจุลชีววิทยาและวิทยาฯ") -> ภาควิชาจุลชีววิทยาและวิทยาฯ | S26: =IFERROR(__xludf.DUMMYFUNCTION("""COMPUTED_VALUE"""),48) -> 48 | T26: =IFERROR(__xludf.DUMMYFUNCTION("""COMPUTED_VALUE"""),"March") -> March
A27: =IFERROR(__xludf.DUMMYFUNCTION("""COMPUTED_VALUE"""),2023) -> 2023 | B27: =IFERROR(__xludf.DUMMYFUNCTION("""COMPUTED_VALUE"""),582) -> 582 | C27: =IFERROR(__xludf.DUMMYFUNCTION("""COMPUTED_VALUE"""),"Effect of claw blocks on the healing duration and lesion severities of claw lesions in lame cows in Western Thailand") -> Effect of claw blocks on the healing duration and lesion severities of claw lesions in lame cows in Western Thailand | D27: =IFERROR(__xludf.DUMMYFUNCTION("""COMPUTED_VALUE"""),5) -> 5 | E27: =IFERROR(__xludf.DUMMYFUNCTION("""COMPUTED_VALUE"""),"2023.582") -> 2023.582 | F27: =IFERROR(__xludf.DUMMYFUNCTION("""COMPUTED_VALUE"""),"Bovine") -> Bovine | G27: =IFERROR(__xludf.DUMMYFUNCTION("""COMPUTED_VALUE"""),"Veterinary World") -> Veterinary World | H27: =IFERROR(__xludf.DUMMYFUNCTION("""COMPUTED_VALUE"""),"Anawat Sangmalee") -> Anawat Sangmalee | I27: =IFERROR(__xludf.DUMMYFUNCTION("""COMPUTED_VALUE"""),"CorrespondingAuthor") -> CorrespondingAuthor | J27: =IFERROR(__xludf.DUMMYFUNCTION("""COMPUTED_VALUE"""),FALSE) -> FALSE | K27: =IFERROR(__xludf.DUMMYFUNCTION("""COMPUTED_VALUE"""),FALSE) -> FALSE | L27: =IFERROR(__xludf.DUMMYFUNCTION("""COMPUTED_VALUE"""),44968) -> 44968 | M27: =IFERROR(__xludf.DUMMYFUNCTION("""COMPUTED_VALUE"""),"International") -> International | N27: =IFERROR(__xludf.DUMMYFUNCTION("""COMPUTED_VALUE"""),2) -> 2 | O27: =IFERROR(__xludf.DUMMYFUNCTION("""COMPUTED_VALUE"""),2.11) -> 2.11 | P27: =IFERROR(__xludf.DUMMYFUNCTION("""COMPUTED_VALUE"""),"No") -> No | Q27: =IFERROR(__xludf.DUMMYFUNCTION("""COMPUTED_VALUE"""),"Yes") -> Yes | R27: =IFERROR(__xludf.DUMMYFUNCTION("""COMPUTED_VALUE"""),"ภาควิชาเวชศาสตร์คลินิกสัตว์ใหญ่และสัตว์ป่า") -> ภาควิชาเวชศาสตร์คลินิกสัตว์ใหญ่และสัตว์ป่า | S27: =IFERROR(__xludf.DUMMYFUNCTION("""COMPUTED_VALUE"""),45) -> 45 | T27: =IFERROR(__xludf.DUMMYFUNCTION("""COMPUTED_VALUE"""),"February") -> February
A28: =IFERROR(__xludf.DUMMYFUNCTION("""COMPUTED_VALUE"""),2023) -> 2023 | B28: =IFERROR(__xludf.DUMMYFUNCTION("""COMPUTED_VALUE"""),583) -> 583 | C28: =IFERROR(__xludf.DUMMYFUNCTION("""COMPUTED_VALUE"""),"Molecularly Imprinted Nanoparticle Ensembles for Rapidly Identifying S. epidermidis") -> Molecularly Imprinted Nanoparticle Ensembles for Rapidly Identifying S. epidermidis | D28: =IFERROR(__xludf.DUMMYFUNCTION("""COMPUTED_VALUE"""),2) -> 2 | E28: =IFERROR(__xludf.DUMMYFUNCTION("""COMPUTED_VALUE"""),"2023.583") -> 2023.583 | F28: =IFERROR(__xludf.DUMMYFUNCTION("""COMPUTED_VALUE"""),"TestKit") -> TestKit | G28: =IFERROR(__xludf.DUMMYFUNCTION("""COMPUTED_VALUE"""),"Sensors") -> Sensors | H28: =IFERROR(__xludf.DUMMYFUNCTION("""COMPUTED_VALUE"""),"Jatuporn Rattanasrisomporn") -> Jatuporn Rattanasrisomporn | I28: =IFERROR(__xludf.DUMMYFUNCTION("""COMPUTED_VALUE"""),"CorrespondingAuthor") -> CorrespondingAuthor | J28: =IFERROR(__xludf.DUMMYFUNCTION("""COMPUTED_VALUE"""),FALSE) -> FALSE | K28: =IFERROR(__xludf.DUMMYFUNCTION("""COMPUTED_VALUE"""),FALSE) -> FALSE | L28: =IFERROR(__xludf.DUMMYFUNCTION("""COMPUTED_VALUE"""),45013) -> 45013 | M28: =IFERROR(__xludf.DUMMYFUNCTION("""COMPUTED_VALUE"""),"International") -> International | N28: =IFERROR(__xludf.DUMMYFUNCTION("""COMPUTED_VALUE"""),1) -> 1 | O28: =IFERROR(__xludf.DUMMYFUNCTION("""COMPUTED_VALUE"""),3.847) -> 3.847 | P28: =IFERROR(__xludf.DUMMYFUNCTION("""COMPUTED_VALUE"""),"Yes") -> Yes | Q28: =IFERROR(__xludf.DUMMYFUNCTION("""COMPUTED_VALUE"""),"Yes") -> Yes | R28: =IFERROR(__xludf.DUMMYFUNCTION("""COMPUTED_VALUE"""),"ภาควิชาเวชศาสตร์คลินิกสัตว์เลี้ยง") -> ภาควิชาเวชศาสตร์คลินิกสัตว์เลี้ยง | S28: =IFERROR(__xludf.DUMMYFUNCTION("""COMPUTED_VALUE"""),52) -> 52 | T28: =IFERROR(__xludf.DUMMYFUNCTION("""COMPUTED_VALUE"""),"March") -> March
A29: =IFERROR(__xludf.DUMMYFUNCTION("""COMPUTED_VALUE"""),2023) -> 2023 | B29: =IFERROR(__xludf.DUMMYFUNCTION("""COMPUTED_VALUE"""),584) -> 584 | C29: =IFERROR(__xludf.DUMMYFUNCTION("""COMPUTED_VALUE"""),"The Modulation of Immune Responses in Tilapinevirus tilapiae-Infected Fish Cells through MAPK/ERK Signalling") -> The Modulation of Immune Responses in Tilapinevirus tilapiae-Infected Fish Cells through MAPK/ERK Signalling | D29: =IFERROR(__xludf.DUMMYFUNCTION("""COMPUTED_VALUE"""),2) -> 2 | E29: =IFERROR(__xludf.DUMMYFUNCTION("""COMPUTED_VALUE"""),"2023.584") -> 2023.584 | F29: =IFERROR(__xludf.DUMMYFUNCTION("""COMPUTED_VALUE"""),"Fish") -> Fish | G29: =IFERROR(__xludf.DUMMYFUNCTION("""COMPUTED_VALUE"""),"Viruses") -> Viruses | H29: =IFERROR(__xludf.DUMMYFUNCTION("""COMPUTED_VALUE"""),"Win Surachetpong") -> Win Surachetpong | I29: =IFERROR(__xludf.DUMMYFUNCTION("""COMPUTED_VALUE"""),"CorrespondingAuthor") -> CorrespondingAuthor | J29: =IFERROR(__xludf.DUMMYFUNCTION("""COMPUTED_VALUE"""),FALSE) -> FALSE | K29: =IFERROR(__xludf.DUMMYFUNCTION("""COMPUTED_VALUE"""),FALSE) -> FALSE | L29: =IFERROR(__xludf.DUMMYFUNCTION("""COMPUTED_VALUE"""),45016) -> 45016 | M29: =IFERROR(__xludf.DUMMYFUNCTION("""COMPUTED_VALUE"""),"International") -> International | N29: =IFERROR(__xludf.DUMMYFUNCTION("""COMPUTED_VALUE"""),1) -> 1 | O29: =IFERROR(__xludf.DUMMYFUNCTION("""COMPUTED_VALUE"""),5.048) -> 5.048 | P29: =IFERROR(__xludf.DUMMYFUNCTION("""COMPUTED_VALUE"""),"Yes") -> Yes | Q29: =IFERROR(__xludf.DUMMYFUNCTION("""COMPUTED_VALUE"""),"Yes") -> Yes | R29: =IFERROR(__xludf.DUMMYFUNCTION("""COMPUTED_VALUE"""),"ภาควิชาจุลชีววิทยาและวิทยาฯ") -> ภาควิชาจุลชีววิทยาและวิทยาฯ | S29: =IFERROR(__xludf.DUMMYFUNCTION("""COMPUTED_VALUE"""),48) -> 48 | T29: =IFERROR(__xludf.DUMMYFUNCTION("""COMPUTED_VALUE"""),"March") -> March
A30: =IFERROR(__xludf.DUMMYFUNCTION("""COMPUTED_VALUE"""),2023) -> 2023 | B30: =IFERROR(__xludf.DUMMYFUNCTION("""COMPUTED_VALUE"""),585) -> 585 | C30: =IFERROR(__xludf.DUMMYFUNCTION("""COMPUTED_VALUE"""),"Molecular Identification of Culicoides Species and Host Preference Blood Meal in the African Horse Sickness Outbreak-Affected Area in Hua Hin District, Prachuap Khiri Khan Province, Thailand") -> Molecular Identification of Culicoides Species and Host Preference Blood Meal in the African Horse Sickness Outbreak-Affected Area in Hua Hin District, Prachuap Khiri Khan Province, Thailand | D30: =IFERROR(__xludf.DUMMYFUNCTION("""COMPUTED_VALUE"""),2) -> 2 | E30: =IFERROR(__xludf.DUMMYFUNCTION("""COMPUTED_VALUE"""),"2023.585") -> 2023.585 | F30: =IFERROR(__xludf.DUMMYFUNCTION("""COMPUTED_VALUE"""),"Insect") -> Insect | G30: =IFERROR(__xludf.DUMMYFUNCTION("""COMPUTED_VALUE"""),"Insects") -> Insects | H30: =IFERROR(__xludf.DUMMYFUNCTION("""COMPUTED_VALUE"""),"Burin Nimsuphan") -> Burin Nimsuphan | I30: =IFERROR(__xludf.DUMMYFUNCTION("""COMPUTED_VALUE"""),"CorrespondingAuthor") -> CorrespondingAuthor | J30: =IFERROR(__xludf.DUMMYFUNCTION("""COMPUTED_VALUE"""),FALSE) -> FALSE | K30: =IFERROR(__xludf.DUMMYFUNCTION("""COMPUTED_VALUE"""),FALSE) -> FALSE | L30: =IFERROR(__xludf.DUMMYFUNCTION("""COMPUTED_VALUE"""),45024) -> 45024 | M30: =IFERROR(__xludf.DUMMYFUNCTION("""COMPUTED_VALUE"""),"International") -> International | N30: =IFERROR(__xludf.DUMMYFUNCTION("""COMPUTED_VALUE"""),1) -> 1 | O30: =IFERROR(__xludf.DUMMYFUNCTION("""COMPUTED_VALUE"""),2.769) -> 2.769 | P30: =IFERROR(__xludf.DUMMYFUNCTION("""COMPUTED_VALUE"""),"Yes") -> Yes | Q30: =IFERROR(__xludf.DUMMYFUNCTION("""COMPUTED_VALUE"""),"Yes") -> Yes | R30: =IFERROR(__xludf.DUMMYFUNCTION("""COMPUTED_VALUE"""),"ภาควิชาปรสิตวิทยา") -> ภาควิชาปรสิตวิทยา | S30: =IFERROR(__xludf.DUMMYFUNCTION("""COMPUTED_VALUE"""),54) -> 54 | T30: =IFERROR(__xludf.DUMMYFUNCTION("""COMPUTED_VALUE"""),"April") -> April
A31: =IFERROR(__xludf.DUMMYFUNCTION("""COMPUTED_VALUE"""),2023) -> 2023 | B31: =IFERROR(__xludf.DUMMYFUNCTION("""COMPUTED_VALUE"""),586) -> 586 | C31: =IFERROR(__xludf.DUMMYFUNCTION("""COMPUTED_VALUE"""),"Phenotypic and Genotypic Characterization and Antifungal Susceptibility of Sporothrix Schenckii Sensu Stricto Isolated from a Feline Sporotrichosis Outbreak in Bangkok, Thailand") -> Phenotypic and Genotypic Characterization and Antifungal Susceptibility of Sporothrix Schenckii Sensu Stricto Isolated from a Feline Sporotrichosis Outbreak in Bangkok, Thailand | D31: =IFERROR(__xludf.DUMMYFUNCTION("""COMPUTED_VALUE"""),5) -> 5 | E31: =IFERROR(__xludf.DUMMYFUNCTION("""COMPUTED_VALUE"""),"2023.586") -> 2023.586 | F31: =IFERROR(__xludf.DUMMYFUNCTION("""COMPUTED_VALUE"""),"Cat") -> Cat | G31: =IFERROR(__xludf.DUMMYFUNCTION("""COMPUTED_VALUE"""),"Journal of Fungi") -> Journal of Fungi | H31: =IFERROR(__xludf.DUMMYFUNCTION("""COMPUTED_VALUE"""),"Chompooneg Yurayart") -> Chompooneg Yurayart | I31: =IFERROR(__xludf.DUMMYFUNCTION("""COMPUTED_VALUE"""),"CorrespondingAuthor") -> CorrespondingAuthor | J31: =IFERROR(__xludf.DUMMYFUNCTION("""COMPUTED_VALUE"""),FALSE) -> FALSE | K31: =IFERROR(__xludf.DUMMYFUNCTION("""COMPUTED_VALUE"""),FALSE) -> FALSE | L31: =IFERROR(__xludf.DUMMYFUNCTION("""COMPUTED_VALUE"""),45064) -> 45064 | M31: =IFERROR(__xludf.DUMMYFUNCTION("""COMPUTED_VALUE"""),"International") -> International | N31: =IFERROR(__xludf.DUMMYFUNCTION("""COMPUTED_VALUE"""),1) -> 1 | O31: =IFERROR(__xludf.DUMMYFUNCTION("""COMPUTED_VALUE"""),5.816) -> 5.816 | P31: =IFERROR(__xludf.DUMMYFUNCTION("""COMPUTED_VALUE"""),"Yes") -> Yes | Q31: =IFERROR(__xludf.DUMMYFUNCTION("""COMPUTED_VALUE"""),"Yes") -> Yes | R31: =IFERROR(__xludf.DUMMYFUNCTION("""COMPUTED_VALUE"""),"ภาควิชาจุลชีววิทยาและวิทยาฯ") -> ภาควิชาจุลชีววิทยาและวิทยาฯ | S31: =IFERROR(__xludf.DUMMYFUNCTION("""COMPUTED_VALUE"""),43) -> 43 | T31: =IFERROR(__xludf.DUMMYFUNCTION("""COMPUTED_VALUE"""),"May") -> May
A32: =IFERROR(__xludf.DUMMYFUNCTION("""COMPUTED_VALUE"""),2023) -> 2023 | B32: =IFERROR(__xludf.DUMMYFUNCTION("""COMPUTED_VALUE"""),587) -> 587 | C32: =IFERROR(__xludf.DUMMYFUNCTION("""COMPUTED_VALUE"""),"Histopathology and virulence of an in vitro-adapted Trypanosoma evansi TEDC 953 strain (Thailand isolate) in mice") -> Histopathology and virulence of an in vitro-adapted Trypanosoma evansi TEDC 953 strain (Thailand isolate) in mice | D32: =IFERROR(__xludf.DUMMYFUNCTION("""COMPUTED_VALUE"""),2) -> 2 | E32: =IFERROR(__xludf.DUMMYFUNCTION("""COMPUTED_VALUE"""),"2023.587") -> 2023.587 | F32: =IFERROR(__xludf.DUMMYFUNCTION("""COMPUTED_VALUE"""),"Parasite") -> Parasite | G32: =IFERROR(__xludf.DUMMYFUNCTION("""COMPUTED_VALUE"""),"Veterinary World") -> Veterinary World | H32: =IFERROR(__xludf.DUMMYFUNCTION("""COMPUTED_VALUE"""),"Ketsarin Kamyingkird") -> Ketsarin Kamyingkird | I32: =IFERROR(__xludf.DUMMYFUNCTION("""COMPUTED_VALUE"""),"CorrespondingAuthor") -> CorrespondingAuthor | J32: =IFERROR(__xludf.DUMMYFUNCTION("""COMPUTED_VALUE"""),FALSE) -> FALSE | K32: =IFERROR(__xludf.DUMMYFUNCTION("""COMPUTED_VALUE"""),FALSE) -> FALSE | L32: =IFERROR(__xludf.DUMMYFUNCTION("""COMPUTED_VALUE"""),45059) -> 45059 | M32: =IFERROR(__xludf.DUMMYFUNCTION("""COMPUTED_VALUE"""),"International") -> International | N32: =IFERROR(__xludf.DUMMYFUNCTION("""COMPUTED_VALUE"""),2) -> 2 | O32: =IFERROR(__xludf.DUMMYFUNCTION("""COMPUTED_VALUE"""),2.11) -> 2.11 | P32: =IFERROR(__xludf.DUMMYFUNCTION("""COMPUTED_VALUE"""),"No") -> No | Q32: =IFERROR(__xludf.DUMMYFUNCTION("""COMPUTED_VALUE"""),"Yes") -> Yes | R32: =IFERROR(__xludf.DUMMYFUNCTION("""COMPUTED_VALUE"""),"ภาควิชาปรสิตวิทยา") -> ภาควิชาปรสิตวิทยา | S32: =IFERROR(__xludf.DUMMYFUNCTION("""COMPUTED_VALUE"""),42) -> 42 | T32: =IFERROR(__xludf.DUMMYFUNCTION("""COMPUTED_VALUE"""),"May") -> May
A33: =IFERROR(__xludf.DUMMYFUNCTION("""COMPUTED_VALUE"""),2023) -> 2023 | B33: =IFERROR(__xludf.DUMMYFUNCTION("""COMPUTED_VALUE"""),588) -> 588 | C33: =IFERROR(__xludf.DUMMYFUNCTION("""COMPUTED_VALUE"""),"Surveillance of antimicrobial resistance, phenotypic, and genotypic patterns of Salmonella enterica isolated from animal feedstuffs: Annual study") -> Surveillance of antimicrobial resistance, phenotypic, and genotypic patterns of Salmonella enterica isolated from animal feedstuffs: Annual study | D33: =IFERROR(__xludf.DUMMYFUNCTION("""COMPUTED_VALUE"""),2) -> 2 | E33: =IFERROR(__xludf.DUMMYFUNCTION("""COMPUTED_VALUE"""),"2023.588") -> 2023.588 | F33: =IFERROR(__xludf.DUMMYFUNCTION("""COMPUTED_VALUE"""),"Bacteria") -> Bacteria | G33: =IFERROR(__xludf.DUMMYFUNCTION("""COMPUTED_VALUE"""),"Veterinary World") -> Veterinary World | H33: =IFERROR(__xludf.DUMMYFUNCTION("""COMPUTED_VALUE"""),"Phitsanu Tulayakul") -> Phitsanu Tulayakul | I33: =IFERROR(__xludf.DUMMYFUNCTION("""COMPUTED_VALUE"""),"CorrespondingAuthor") -> CorrespondingAuthor | J33: =IFERROR(__xludf.DUMMYFUNCTION("""COMPUTED_VALUE"""),FALSE) -> FALSE | K33: =IFERROR(__xludf.DUMMYFUNCTION("""COMPUTED_VALUE"""),FALSE) -> FALSE | L33: =IFERROR(__xludf.DUMMYFUNCTION("""COMPUTED_VALUE"""),45053) -> 45053 | M33: =IFERROR(__xludf.DUMMYFUNCTION("""COMPUTED_VALUE"""),"International") -> International | N33: =IFERROR(__xludf.DUMMYFUNCTION("""COMPUTED_VALUE"""),2) -> 2 | O33: =IFERROR(__xludf.DUMMYFUNCTION("""COMPUTED_VALUE"""),2.11) -> 2.11 | P33: =IFERROR(__xludf.DUMMYFUNCTION("""COMPUTED_VALUE"""),"No") -> No | Q33: =IFERROR(__xludf.DUMMYFUNCTION("""COMPUTED_VALUE"""),"Yes") -> Yes | R33: =IFERROR(__xludf.DUMMYFUNCTION("""COMPUTED_VALUE"""),"ภาควิชาสัตวแพทยสาธารณสุขศาสตร์") -> ภาควิชาสัตวแพทยสาธารณสุขศาสตร์ | S33: =IFERROR(__xludf.DUMMYFUNCTION("""COMPUTED_VALUE"""),50) -> 50 | T33: =IFERROR(__xludf.DUMMYFUNCTION("""COMPUTED_VALUE"""),"May") -> May
A34: =IFERROR(__xludf.DUMMYFUNCTION("""COMPUTED_VALUE"""),2023) -> 2023 | B34: =IFERROR(__xludf.DUMMYFUNCTION("""COMPUTED_VALUE"""),589) -> 589 | C34: =IFERROR(__xludf.DUMMYFUNCTION("""COMPUTED_VALUE"""),"Prediction of the spread of African swine fever through pig and carcass movements in Thailand using a network analysis and diffusion model") -> Prediction of the spread of African swine fever through pig and carcass movements in Thailand using a network analysis and diffusion model | D34: =IFERROR(__xludf.DUMMYFUNCTION("""COMPUTED_VALUE"""),2) -> 2 | E34: =IFERROR(__xludf.DUMMYFUNCTION("""COMPUTED_VALUE"""),"2023.589") -> 2023.589 | F34: =IFERROR(__xludf.DUMMYFUNCTION("""COMPUTED_VALUE"""),"Swine") -> Swine | G34: =IFERROR(__xludf.DUMMYFUNCTION("""COMPUTED_VALUE"""),"PeerJ") -> PeerJ | H34: =IFERROR(__xludf.DUMMYFUNCTION("""COMPUTED_VALUE"""),"Chaithep Poolkhet") -> Chaithep Poolkhet | I34: =IFERROR(__xludf.DUMMYFUNCTION("""COMPUTED_VALUE"""),"FirstAuthor&CorrespondingAuthor") -> FirstAuthor&CorrespondingAuthor | J34: =IFERROR(__xludf.DUMMYFUNCTION("""COMPUTED_VALUE"""),FALSE) -> FALSE | K34: =IFERROR(__xludf.DUMMYFUNCTION("""COMPUTED_VALUE"""),FALSE) -> FALSE | L34: =IFERROR(__xludf.DUMMYFUNCTION("""COMPUTED_VALUE"""),44994) -> 44994 | M34: =IFERROR(__xludf.DUMMYFUNCTION("""COMPUTED_VALUE"""),"International") -> International | N34: =IFERROR(__xludf.DUMMYFUNCTION("""COMPUTED_VALUE"""),1) -> 1 | O34: =IFERROR(__xludf.DUMMYFUNCTION("""COMPUTED_VALUE"""),2.98) -> 2.98 | P34: =IFERROR(__xludf.DUMMYFUNCTION("""COMPUTED_VALUE"""),"Yes") -> Yes | Q34: =IFERROR(__xludf.DUMMYFUNCTION("""COMPUTED_VALUE"""),"Yes") -> Yes | R34: =IFERROR(__xludf.DUMMYFUNCTION("""COMPUTED_VALUE"""),"ภาควิชาสัตวแพทยสาธารณสุขศาสตร์") -> ภาควิชาสัตวแพทยสาธารณสุขศาสตร์ | S34: =IFERROR(__xludf.DUMMYFUNCTION("""COMPUTED_VALUE"""),51) -> 51 | T34: =IFERROR(__xludf.DUMMYFUNCTION("""COMPUTED_VALUE"""),"March") -> March
A35: =IFERROR(__xludf.DUMMYFUNCTION("""COMPUTED_VALUE"""),2023) -> 2023 | B35: =IFERROR(__xludf.DUMMYFUNCTION("""COMPUTED_VALUE"""),590) -> 590 | C35: =IFERROR(__xludf.DUMMYFUNCTION("""COMPUTED_VALUE"""),"First study on in vitro antiviral and virucidal effects of flavonoids against feline infectious peritonitis virus at the early stage of infection") -> First study on in vitro antiviral and virucidal effects of flavonoids against feline infectious peritonitis virus at the early stage of infection | D35: =IFERROR(__xludf.DUMMYFUNCTION("""COMPUTED_VALUE"""),3) -> 3 | E35: =IFERROR(__xludf.DUMMYFUNCTION("""COMPUTED_VALUE"""),"2023.590") -> 2023.590 | F35: =IFERROR(__xludf.DUMMYFUNCTION("""COMPUTED_VALUE"""),"Cat") -> Cat | G35: =IFERROR(__xludf.DUMMYFUNCTION("""COMPUTED_VALUE"""),"Veterinary World") -> Veterinary World | H35: =IFERROR(__xludf.DUMMYFUNCTION("""COMPUTED_VALUE"""),"Sirin Theerawatanasirikul") -> Sirin Theerawatanasirikul | I35: =IFERROR(__xludf.DUMMYFUNCTION("""COMPUTED_VALUE"""),"CorrespondingAuthor") -> CorrespondingAuthor | J35: =IFERROR(__xludf.DUMMYFUNCTION("""COMPUTED_VALUE"""),FALSE) -> FALSE | K35: =IFERROR(__xludf.DUMMYFUNCTION("""COMPUTED_VALUE"""),FALSE) -> FALSE | L35: =IFERROR(__xludf.DUMMYFUNCTION("""COMPUTED_VALUE"""),45011) -> 45011 | M35: =IFERROR(__xludf.DUMMYFUNCTION("""COMPUTED_VALUE"""),"International") -> International | N35: =IFERROR(__xludf.DUMMYFUNCTION("""COMPUTED_VALUE"""),2) -> 2 | O35: =IFERROR(__xludf.DUMMYFUNCTION("""COMPUTED_VALUE"""),2.11) -> 2.11 | P35: =IFERROR(__xludf.DUMMYFUNCTION("""COMPUTED_VALUE"""),"No") -> No | Q35: =IFERROR(__xludf.DUMMYFUNCTION("""COMPUTED_VALUE"""),"Yes") -> Yes | R35: =IFERROR(__xludf.DUMMYFUNCTION("""COMPUTED_VALUE"""),"ภาควิชากายวิภาคศาสตร์") -> ภาควิชากายวิภาคศาสตร์ | S35: =IFERROR(__xludf.DUMMYFUNCTION("""COMPUTED_VALUE"""),43) -> 43 | T35: =IFERROR(__xludf.DUMMYFUNCTION("""COMPUTED_VALUE"""),"March") -> March
A36: =IFERROR(__xludf.DUMMYFUNCTION("""COMPUTED_VALUE"""),2023) -> 2023 | B36: =IFERROR(__xludf.DUMMYFUNCTION("""COMPUTED_VALUE"""),591) -> 591 | C36: =IFERROR(__xludf.DUMMYFUNCTION("""COMPUTED_VALUE"""),"Heartworm adulticide treatment: a tropical perspective") -> Heartworm adulticide treatment: a tropical perspective | D36: =IFERROR(__xludf.DUMMYFUNCTION("""COMPUTED_VALUE"""),2) -> 2 | E36: =IFERROR(__xludf.DUMMYFUNCTION("""COMPUTED_VALUE"""),"2023.591") -> 2023.591 | F36: =IFERROR(__xludf.DUMMYFUNCTION("""COMPUTED_VALUE"""),"Prasite") -> Prasite | G36: =IFERROR(__xludf.DUMMYFUNCTION("""COMPUTED_VALUE"""),"Parasites and Vectors") -> Parasites and Vectors | H36: =IFERROR(__xludf.DUMMYFUNCTION("""COMPUTED_VALUE"""),"Tawin Inpankaew") -> Tawin Inpankaew | I36: =IFERROR(__xludf.DUMMYFUNCTION("""COMPUTED_VALUE"""),"CoAuthor") -> CoAuthor | J36: =IFERROR(__xludf.DUMMYFUNCTION("""COMPUTED_VALUE"""),FALSE) -> FALSE | K36: =IFERROR(__xludf.DUMMYFUNCTION("""COMPUTED_VALUE"""),FALSE) -> FALSE | L36: =IFERROR(__xludf.DUMMYFUNCTION("""COMPUTED_VALUE"""),45044) -> 45044 | M36: =IFERROR(__xludf.DUMMYFUNCTION("""COMPUTED_VALUE"""),"International") -> International | N36: =IFERROR(__xludf.DUMMYFUNCTION("""COMPUTED_VALUE"""),1) -> 1 | O36: =IFERROR(__xludf.DUMMYFUNCTION("""COMPUTED_VALUE"""),3.876) -> 3.876 | P36: =IFERROR(__xludf.DUMMYFUNCTION("""COMPUTED_VALUE"""),"Yes") -> Yes | Q36: =IFERROR(__xludf.DUMMYFUNCTION("""COMPUTED_VALUE"""),"Yes") -> Yes | R36: =IFERROR(__xludf.DUMMYFUNCTION("""COMPUTED_VALUE"""),"ภาควิชาปรสิตวิทยา") -> ภาควิชาปรสิตวิทยา | S36: =IFERROR(__xludf.DUMMYFUNCTION("""COMPUTED_VALUE"""),47) -> 47 | T36: =IFERROR(__xludf.DUMMYFUNCTION("""COMPUTED_VALUE"""),"April") -> April
A37: =IFERROR(__xludf.DUMMYFUNCTION("""COMPUTED_VALUE"""),2023) -> 2023 | B37: =IFERROR(__xludf.DUMMYFUNCTION("""COMPUTED_VALUE"""),592) -> 592 | C37: =IFERROR(__xludf.DUMMYFUNCTION("""COMPUTED_VALUE"""),"The first study on clinicopathological changes in cats with feline infectious peritonitis with and without retrovirus coinfection") -> The first study on clinicopathological changes in cats with feline infectious peritonitis with and without retrovirus coinfection | D37: =IFERROR(__xludf.DUMMYFUNCTION("""COMPUTED_VALUE"""),5) -> 5 | E37: =IFERROR(__xludf.DUMMYFUNCTION("""COMPUTED_VALUE"""),"2023.592") -> 2023.592 | F37: =IFERROR(__xludf.DUMMYFUNCTION("""COMPUTED_VALUE"""),"Cat") -> Cat | G37: =IFERROR(__xludf.DUMMYFUNCTION("""COMPUTED_VALUE"""),"Veterinary World") -> Veterinary World | H37: =IFERROR(__xludf.DUMMYFUNCTION("""COMPUTED_VALUE"""),"Jatuporn Rattanasrisomporn") -> Jatuporn Rattanasrisomporn | I37: =IFERROR(__xludf.DUMMYFUNCTION("""COMPUTED_VALUE"""),"CorrespondingAuthor") -> CorrespondingAuthor | J37: =IFERROR(__xludf.DUMMYFUNCTION("""COMPUTED_VALUE"""),FALSE) -> FALSE | K37: =IFERROR(__xludf.DUMMYFUNCTION("""COMPUTED_VALUE"""),TRUE) -> TRUE | L37: =IFERROR(__xludf.DUMMYFUNCTION("""COMPUTED_VALUE"""),45036) -> 45036 | M37: =IFERROR(__xludf.DUMMYFUNCTION("""COMPUTED_VALUE"""),"International") -> International | N37: =IFERROR(__xludf.DUMMYFUNCTION("""COMPUTED_VALUE"""),2) -> 2 | O37: =IFERROR(__xludf.DUMMYFUNCTION("""COMPUTED_VALUE"""),2.11) -> 2.11 | P37: =IFERROR(__xludf.DUMMYFUNCTION("""COMPUTED_VALUE"""),"No") -> No | Q37: =IFERROR(__xludf.DUMMYFUNCTION("""COMPUTED_VALUE"""),"Yes") -> Yes | R37: =IFERROR(__xludf.DUMMYFUNCTION("""COMPUTED_VALUE"""),"ภาควิชาเวชศาสตร์คลินิกสัตว์เลี้ยง") -> ภาควิชาเวชศาสตร์คลินิกสัตว์เลี้ยง | S37: =IFERROR(__xludf.DUMMYFUNCTION("""COMPUTED_VALUE"""),52) -> 52 | T37: =IFERROR(__xludf.DUMMYFUNCTION("""COMPUTED_VALUE"""),"April") -> April
A38: =IFERROR(__xludf.DUMMYFUNCTION("""COMPUTED_VALUE"""),2023) -> 2023 | B38: =IFERROR(__xludf.DUMMYFUNCTION("""COMPUTED_VALUE"""),593) -> 593 | C38: =IFERROR(__xludf.DUMMYFUNCTION("""COMPUTED_VALUE"""),"Cell-penetrating porcine single-chain antibodies (transbodies) against nonstructural protein 1ฮฒ (NSP1ฮฒ) of porcine reproductive and respiratory syndrome virus inhibit virus replication") -> Cell-penetrating porcine single-chain antibodies (transbodies) against nonstructural protein 1ฮฒ (NSP1ฮฒ) of porcine reproductive and respiratory syndrome virus inhibit virus replication | D38: =IFERROR(__xludf.DUMMYFUNCTION("""COMPUTED_VALUE"""),2) -> 2 | E38: =IFERROR(__xludf.DUMMYFUNCTION("""COMPUTED_VALUE"""),"2023.593") -> 2023.593 | F38: =IFERROR(__xludf.DUMMYFUNCTION("""COMPUTED_VALUE"""),"Swine") -> Swine | G38: =IFERROR(__xludf.DUMMYFUNCTION("""COMPUTED_VALUE"""),"Archives of Virology") -> Archives of Virology | H38: =IFERROR(__xludf.DUMMYFUNCTION("""COMPUTED_VALUE"""),"Sirin Theerawatanasirikul") -> Sirin Theerawatanasirikul | I38: =IFERROR(__xludf.DUMMYFUNCTION("""COMPUTED_VALUE"""),"CoAuthor") -> CoAuthor | J38: =IFERROR(__xludf.DUMMYFUNCTION("""COMPUTED_VALUE"""),FALSE) -> FALSE | K38: =IFERROR(__xludf.DUMMYFUNCTION("""COMPUTED_VALUE"""),FALSE) -> FALSE | L38: =IFERROR(__xludf.DUMMYFUNCTION("""COMPUTED_VALUE"""),45023) -> 45023 | M38: =IFERROR(__xludf.DUMMYFUNCTION("""COMPUTED_VALUE"""),"International") -> International | N38: =IFERROR(__xludf.DUMMYFUNCTION("""COMPUTED_VALUE"""),2) -> 2 | O38: =IFERROR(__xludf.DUMMYFUNCTION("""COMPUTED_VALUE"""),2.261) -> 2.261 | P38: =IFERROR(__xludf.DUMMYFUNCTION("""COMPUTED_VALUE"""),"Yes") -> Yes | Q38: =IFERROR(__xludf.DUMMYFUNCTION("""COMPUTED_VALUE"""),"Yes") -> Yes | R38: =IFERROR(__xludf.DUMMYFUNCTION("""COMPUTED_VALUE"""),"ภาควิชากายวิภาคศาสตร์") -> ภาควิชากายวิภาคศาสตร์ | S38: =IFERROR(__xludf.DUMMYFUNCTION("""COMPUTED_VALUE"""),43) -> 43 | T38: =IFERROR(__xludf.DUMMYFUNCTION("""COMPUTED_VALUE"""),"April") -> April
A39: =IFERROR(__xludf.DUMMYFUNCTION("""COMPUTED_VALUE"""),2023) -> 2023 | B39: =IFERROR(__xludf.DUMMYFUNCTION("""COMPUTED_VALUE"""),594) -> 594 | C39: =IFERROR(__xludf.DUMMYFUNCTION("""COMPUTED_VALUE"""),"Study of trace elements in stranded green turtles (Chelonia mydas), hawksbill turtles (Eretmochelys imbricata), and olive ridley turtles (Lepidochelys olivacea) in Gulf of Thailand and Andaman Sea") -> Study of trace elements in stranded green turtles (Chelonia mydas), hawksbill turtles (Eretmochelys imbricata), and olive ridley turtles (Lepidochelys olivacea) in Gulf of Thailand and Andaman Sea | D39: =IFERROR(__xludf.DUMMYFUNCTION("""COMPUTED_VALUE"""),2) -> 2 | E39: =IFERROR(__xludf.DUMMYFUNCTION("""COMPUTED_VALUE"""),"2023.594") -> 2023.594 | F39: =IFERROR(__xludf.DUMMYFUNCTION("""COMPUTED_VALUE"""),"Turtle") -> Turtle | G39: =IFERROR(__xludf.DUMMYFUNCTION("""COMPUTED_VALUE"""),"The Journal of Veterinary Medical Science") -> The Journal of Veterinary Medical Science | H39: =IFERROR(__xludf.DUMMYFUNCTION("""COMPUTED_VALUE"""),"Theerapol Sirinarumitr") -> Theerapol Sirinarumitr | I39: =IFERROR(__xludf.DUMMYFUNCTION("""COMPUTED_VALUE"""),"CorrespondingAuthor") -> CorrespondingAuthor | J39: =IFERROR(__xludf.DUMMYFUNCTION("""COMPUTED_VALUE"""),FALSE) -> FALSE | K39: =IFERROR(__xludf.DUMMYFUNCTION("""COMPUTED_VALUE"""),TRUE) -> TRUE | L39: =IFERROR(__xludf.DUMMYFUNCTION("""COMPUTED_VALUE"""),44989) -> 44989 | M39: =IFERROR(__xludf.DUMMYFUNCTION("""COMPUTED_VALUE"""),"International") -> International | N39: =IFERROR(__xludf.DUMMYFUNCTION("""COMPUTED_VALUE"""),4) -> 4 | O39: =IFERROR(__xludf.DUMMYFUNCTION("""COMPUTED_VALUE"""),1.23) -> 1.23 | P39: =IFERROR(__xludf.DUMMYFUNCTION("""COMPUTED_VALUE"""),"Yes") -> Yes | Q39: =IFERROR(__xludf.DUMMYFUNCTION("""COMPUTED_VALUE"""),"No") -> No | R39: =IFERROR(__xludf.DUMMYFUNCTION("""COMPUTED_VALUE"""),"ภาควิชาพยาธิวิทยา") -> ภาควิชาพยาธิวิทยา | S39: =IFERROR(__xludf.DUMMYFUNCTION("""COMPUTED_VALUE"""),63) -> 63 | T39: =IFERROR(__xludf.DUMMYFUNCTION("""COMPUTED_VALUE"""),"March") -> March
A40: =IFERROR(__xludf.DUMMYFUNCTION("""COMPUTED_VALUE"""),2023) -> 2023 | B40: =IFERROR(__xludf.DUMMYFUNCTION("""COMPUTED_VALUE"""),595) -> 595 | C40: =IFERROR(__xludf.DUMMYFUNCTION("""COMPUTED_VALUE"""),"Intranasal dexmedetomidine with morphine or tramadol: A comparative study of effects on alfaxalone requirements for anesthesia in cats") -> Intranasal dexmedetomidine with morphine or tramadol: A comparative study of effects on alfaxalone requirements for anesthesia in cats | D40: =IFERROR(__xludf.DUMMYFUNCTION("""COMPUTED_VALUE"""),5) -> 5 | E40: =IFERROR(__xludf.DUMMYFUNCTION("""COMPUTED_VALUE"""),"2023.595") -> 2023.595 | F40: =IFERROR(__xludf.DUMMYFUNCTION("""COMPUTED_VALUE"""),"Cat") -> Cat | G40: =IFERROR(__xludf.DUMMYFUNCTION("""COMPUTED_VALUE"""),"Veterinary World") -> Veterinary World | H40: =IFERROR(__xludf.DUMMYFUNCTION("""COMPUTED_VALUE"""),"Naris Thengchaisri") -> Naris Thengchaisri | I40: =IFERROR(__xludf.DUMMYFUNCTION("""COMPUTED_VALUE"""),"CorrespondingAuthor") -> CorrespondingAuthor | J40: =IFERROR(__xludf.DUMMYFUNCTION("""COMPUTED_VALUE"""),FALSE) -> FALSE | K40: =IFERROR(__xludf.DUMMYFUNCTION("""COMPUTED_VALUE"""),TRUE) -> TRUE | L40: =IFERROR(__xludf.DUMMYFUNCTION("""COMPUTED_VALUE"""),45054) -> 45054 | M40: =IFERROR(__xludf.DUMMYFUNCTION("""COMPUTED_VALUE"""),"International") -> International | N40: =IFERROR(__xludf.DUMMYFUNCTION("""COMPUTED_VALUE"""),2) -> 2 | O40: =IFERROR(__xludf.DUMMYFUNCTION("""COMPUTED_VALUE"""),2.11) -> 2.11 | P40: =IFERROR(__xludf.DUMMYFUNCTION("""COMPUTED_VALUE"""),"No") -> No | Q40: =IFERROR(__xludf.DUMMYFUNCTION("""COMPUTED_VALUE"""),"Yes") -> Yes | R40: =IFERROR(__xludf.DUMMYFUNCTION("""COMPUTED_VALUE"""),"ภาควิชาเวชศาสตร์คลินิกสัตว์เลี้ยง") -> ภาควิชาเวชศาสตร์คลินิกสัตว์เลี้ยง | S40: =IFERROR(__xludf.DUMMYFUNCTION("""COMPUTED_VALUE"""),52) -> 52 | T40: =IFERROR(__xludf.DUMMYFUNCTION("""COMPUTED_VALUE"""),"May") -> May
A41: =IFERROR(__xludf.DUMMYFUNCTION("""COMPUTED_VALUE"""),2023) -> 2023 | B41: =IFERROR(__xludf.DUMMYFUNCTION("""COMPUTED_VALUE"""),596) -> 596 | C41: =IFERROR(__xludf.DUMMYFUNCTION("""COMPUTED_VALUE"""),"Evaluation of Overshunting between Low and Medium Pressure Ventriculoperitoneal Shunts in Dogs with Severe Hydrocephalus Using Frameless Stereotactic Ventricular Shunt Placement") -> Evaluation of Overshunting between Low and Medium Pressure Ventriculoperitoneal Shunts in Dogs with Severe Hydrocephalus Using Frameless Stereotactic Ventricular Shunt Placement | D41: =IFERROR(__xludf.DUMMYFUNCTION("""COMPUTED_VALUE"""),5) -> 5 | E41: =IFERROR(__xludf.DUMMYFUNCTION("""COMPUTED_VALUE"""),"2023.596") -> 2023.596 | F41: =IFERROR(__xludf.DUMMYFUNCTION("""COMPUTED_VALUE"""),"Dog") -> Dog | G41: =IFERROR(__xludf.DUMMYFUNCTION("""COMPUTED_VALUE"""),"Animals") -> Animals | H41: =IFERROR(__xludf.DUMMYFUNCTION("""COMPUTED_VALUE"""),"Nirut Suwanna") -> Nirut Suwanna | I41: =IFERROR(__xludf.DUMMYFUNCTION("""COMPUTED_VALUE"""),"CorrespondingAuthor") -> CorrespondingAuthor | J41: =IFERROR(__xludf.DUMMYFUNCTION("""COMPUTED_VALUE"""),FALSE) -> FALSE | K41: =IFERROR(__xludf.DUMMYFUNCTION("""COMPUTED_VALUE"""),FALSE) -> FALSE | L41: =IFERROR(__xludf.DUMMYFUNCTION("""COMPUTED_VALUE"""),45078) -> 45078 | M41: =IFERROR(__xludf.DUMMYFUNCTION("""COMPUTED_VALUE"""),"International") -> International | N41: =IFERROR(__xludf.DUMMYFUNCTION("""COMPUTED_VALUE"""),1) -> 1 | O41: =IFERROR(__xludf.DUMMYFUNCTION("""COMPUTED_VALUE"""),2.752) -> 2.752 | P41: =IFERROR(__xludf.DUMMYFUNCTION("""COMPUTED_VALUE"""),"Yes") -> Yes | Q41: =IFERROR(__xludf.DUMMYFUNCTION("""COMPUTED_VALUE"""),"Yes") -> Yes | R41: =IFERROR(__xludf.DUMMYFUNCTION("""COMPUTED_VALUE"""),"ภาควิชาเวชศาสตร์คลินิกสัตว์เลี้ยง") -> ภาควิชาเวชศาสตร์คลินิกสัตว์เลี้ยง | S41: =IFERROR(__xludf.DUMMYFUNCTION("""COMPUTED_VALUE"""),50) -> 50 | T41: =IFERROR(__xludf.DUMMYFUNCTION("""COMPUTED_VALUE"""),"June") -> June
A42: =IFERROR(__xludf.DUMMYFUNCTION("""COMPUTED_VALUE"""),2023) -> 2023 | B42: =IFERROR(__xludf.DUMMYFUNCTION("""COMPUTED_VALUE"""),597) -> 597 | C42: =IFERROR(__xludf.DUMMYFUNCTION("""COMPUTED_VALUE"""),"Characterization and Homology Modeling of Catalytically Active Recombinant PhaCAp Protein from Arthrospira platensis") -> Characterization and Homology Modeling of Catalytically Active Recombinant PhaCAp Protein from Arthrospira platensis | D42: =IFERROR(__xludf.DUMMYFUNCTION("""COMPUTED_VALUE"""),2) -> 2 | E42: =IFERROR(__xludf.DUMMYFUNCTION("""COMPUTED_VALUE"""),"2023.597") -> 2023.597 | F42: =IFERROR(__xludf.DUMMYFUNCTION("""COMPUTED_VALUE"""),"Bacteria") -> Bacteria | G42: =IFERROR(__xludf.DUMMYFUNCTION("""COMPUTED_VALUE"""),"Biology") -> Biology | H42: =IFERROR(__xludf.DUMMYFUNCTION("""COMPUTED_VALUE"""),"Nattaphong Akrimajirachoote") -> Nattaphong Akrimajirachoote | I42: =IFERROR(__xludf.DUMMYFUNCTION("""COMPUTED_VALUE"""),"CoAuthor") -> CoAuthor | J42: =IFERROR(__xludf.DUMMYFUNCTION("""COMPUTED_VALUE"""),FALSE) -> FALSE | K42: =IFERROR(__xludf.DUMMYFUNCTION("""COMPUTED_VALUE"""),FALSE) -> FALSE | L42: =IFERROR(__xludf.DUMMYFUNCTION("""COMPUTED_VALUE"""),45063) -> 45063 | M42: =IFERROR(__xludf.DUMMYFUNCTION("""COMPUTED_VALUE"""),"International") -> International | N42: =IFERROR(__xludf.DUMMYFUNCTION("""COMPUTED_VALUE"""),1) -> 1 | O42: =IFERROR(__xludf.DUMMYFUNCTION("""COMPUTED_VALUE"""),5.168) -> 5.168 | P42: =IFERROR(__xludf.DUMMYFUNCTION("""COMPUTED_VALUE"""),"Yes") -> Yes | Q42: =IFERROR(__xludf.DUMMYFUNCTION("""COMPUTED_VALUE"""),"Yes") -> Yes | R42: =IFERROR(__xludf.DUMMYFUNCTION("""COMPUTED_VALUE"""),"ภาควิชาสรีรวิทยา") -> ภาควิชาสรีรวิทยา | S42: =IFERROR(__xludf.DUMMYFUNCTION("""COMPUTED_VALUE"""),44) -> 44 | T42: =IFERROR(__xludf.DUMMYFUNCTION("""COMPUTED_VALUE"""),"May") -> May
A43: =IFERROR(__xludf.DUMMYFUNCTION("""COMPUTED_VALUE"""),2023) -> 2023 | B43: =IFERROR(__xludf.DUMMYFUNCTION("""COMPUTED_VALUE"""),598) -> 598 | C43: =IFERROR(__xludf.DUMMYFUNCTION("""COMPUTED_VALUE"""),"Effects on hematology and blood biochemistry profile of intramuscular meloxicam injection in Brahminy kite and Barn owl") -> Effects on hematology and blood biochemistry profile of intramuscular meloxicam injection in Brahminy kite and Barn owl | D43: =IFERROR(__xludf.DUMMYFUNCTION("""COMPUTED_VALUE"""),2) -> 2 | E43: =IFERROR(__xludf.DUMMYFUNCTION("""COMPUTED_VALUE"""),"2023.598") -> 2023.598 | F43: =IFERROR(__xludf.DUMMYFUNCTION("""COMPUTED_VALUE"""),"Raptor") -> Raptor | G43: =IFERROR(__xludf.DUMMYFUNCTION("""COMPUTED_VALUE"""),"Journal of Veterinary Science") -> Journal of Veterinary Science | H43: =IFERROR(__xludf.DUMMYFUNCTION("""COMPUTED_VALUE"""),"Chaiyan Kasorndorkbua") -> Chaiyan Kasorndorkbua | I43: =IFERROR(__xludf.DUMMYFUNCTION("""COMPUTED_VALUE"""),"CorrespondingAuthor") -> CorrespondingAuthor | J43: =IFERROR(__xludf.DUMMYFUNCTION("""COMPUTED_VALUE"""),FALSE) -> FALSE | K43: =IFERROR(__xludf.DUMMYFUNCTION("""COMPUTED_VALUE"""),FALSE) -> FALSE | L43: =IFERROR(__xludf.DUMMYFUNCTION("""COMPUTED_VALUE"""),45035) -> 45035 | M43: =IFERROR(__xludf.DUMMYFUNCTION("""COMPUTED_VALUE"""),"International") -> International | N43: =IFERROR(__xludf.DUMMYFUNCTION("""COMPUTED_VALUE"""),2) -> 2 | O43: =IFERROR(__xludf.DUMMYFUNCTION("""COMPUTED_VALUE"""),1.672) -> 1.672 | P43: =IFERROR(__xludf.DUMMYFUNCTION("""COMPUTED_VALUE"""),"Yes") -> Yes | Q43: =IFERROR(__xludf.DUMMYFUNCTION("""COMPUTED_VALUE"""),"Yes") -> Yes | R43: =IFERROR(__xludf.DUMMYFUNCTION("""COMPUTED_VALUE"""),"ภาควิชาพยาธิวิทยา") -> ภาควิชาพยาธิวิทยา | S43: =IFERROR(__xludf.DUMMYFUNCTION("""COMPUTED_VALUE"""),56) -> 56 | T43: =IFERROR(__xludf.DUMMYFUNCTION("""COMPUTED_VALUE"""),"April") -> April
A44: =IFERROR(__xludf.DUMMYFUNCTION("""COMPUTED_VALUE"""),2023) -> 2023 | B44: =IFERROR(__xludf.DUMMYFUNCTION("""COMPUTED_VALUE"""),599) -> 599 | C44: =IFERROR(__xludf.DUMMYFUNCTION("""COMPUTED_VALUE"""),"Antimicrobial consumption in food-producing animals in Thailand between 2017 and 2019: The analysis of national importation and production data") -> Antimicrobial consumption in food-producing animals in Thailand between 2017 and 2019: The analysis of national importation and production data | D44: =IFERROR(__xludf.DUMMYFUNCTION("""COMPUTED_VALUE"""),2) -> 2 | E44: =IFERROR(__xludf.DUMMYFUNCTION("""COMPUTED_VALUE"""),"2023.599") -> 2023.599 | F44: =IFERROR(__xludf.DUMMYFUNCTION("""COMPUTED_VALUE"""),"Bacteria") -> Bacteria | G44: =IFERROR(__xludf.DUMMYFUNCTION("""COMPUTED_VALUE"""),"PLoS ONE") -> PLoS ONE | H44: =IFERROR(__xludf.DUMMYFUNCTION("""COMPUTED_VALUE"""),"Natthasit Tansakul") -> Natthasit Tansakul | I44: =IFERROR(__xludf.DUMMYFUNCTION("""COMPUTED_VALUE"""),"CoAuthor") -> CoAuthor | J44: =IFERROR(__xludf.DUMMYFUNCTION("""COMPUTED_VALUE"""),FALSE) -> FALSE | K44: =IFERROR(__xludf.DUMMYFUNCTION("""COMPUTED_VALUE"""),FALSE) -> FALSE | L44: =IFERROR(__xludf.DUMMYFUNCTION("""COMPUTED_VALUE"""),44992) -> 44992 | M44: =IFERROR(__xludf.DUMMYFUNCTION("""COMPUTED_VALUE"""),"International") -> International | N44: =IFERROR(__xludf.DUMMYFUNCTION("""COMPUTED_VALUE"""),1) -> 1 | O44: =IFERROR(__xludf.DUMMYFUNCTION("""COMPUTED_VALUE"""),3.24) -> 3.24 | P44: =IFERROR(__xludf.DUMMYFUNCTION("""COMPUTED_VALUE"""),"Yes") -> Yes | Q44: =IFERROR(__xludf.DUMMYFUNCTION("""COMPUTED_VALUE"""),"Yes") -> Yes | R44: =IFERROR(__xludf.DUMMYFUNCTION("""COMPUTED_VALUE"""),"ภาควิชาเภสัชวิทยา") -> ภาควิชาเภสัชวิทยา | S44: =IFERROR(__xludf.DUMMYFUNCTION("""COMPUTED_VALUE"""),51) -> 51 | T44: =IFERROR(__xludf.DUMMYFUNCTION("""COMPUTED_VALUE"""),"March") -> March
A45: =IFERROR(__xludf.DUMMYFUNCTION("""COMPUTED_VALUE"""),2023) -> 2023 | B45: =IFERROR(__xludf.DUMMYFUNCTION("""COMPUTED_VALUE"""),600) -> 600 | C45: =IFERROR(__xludf.DUMMYFUNCTION("""COMPUTED_VALUE"""),"A specific and sensitive droplet digital polymerase chain reaction assay for the detection of tilapia lake virus in fish tissue and environmental samples") -> A specific and sensitive droplet digital polymerase chain reaction assay for the detection of tilapia lake virus in fish tissue and environmental samples | D45: =IFERROR(__xludf.DUMMYFUNCTION("""COMPUTED_VALUE"""),2) -> 2 | E45: =IFERROR(__xludf.DUMMYFUNCTION("""COMPUTED_VALUE"""),"2023.600") -> 2023.600 | F45: =IFERROR(__xludf.DUMMYFUNCTION("""COMPUTED_VALUE"""),"Fish") -> Fish | G45: =IFERROR(__xludf.DUMMYFUNCTION("""COMPUTED_VALUE"""),"Journal of Fish Diseases") -> Journal of Fish Diseases | H45: =IFERROR(__xludf.DUMMYFUNCTION("""COMPUTED_VALUE"""),"Win Surachetpong") -> Win Surachetpong | I45: =IFERROR(__xludf.DUMMYFUNCTION("""COMPUTED_VALUE"""),"CorrespondingAuthor") -> CorrespondingAuthor | J45: =IFERROR(__xludf.DUMMYFUNCTION("""COMPUTED_VALUE"""),FALSE) -> FALSE | K45: =IFERROR(__xludf.DUMMYFUNCTION("""COMPUTED_VALUE"""),TRUE) -> TRUE | L45: =IFERROR(__xludf.DUMMYFUNCTION("""COMPUTED_VALUE"""),45086) -> 45086 | M45: =IFERROR(__xludf.DUMMYFUNCTION("""COMPUTED_VALUE"""),"International") -> International | N45: =IFERROR(__xludf.DUMMYFUNCTION("""COMPUTED_VALUE"""),1) -> 1 | O45: =IFERROR(__xludf.DUMMYFUNCTION("""COMPUTED_VALUE"""),2.63) -> 2.63 | P45: =IFERROR(__xludf.DUMMYFUNCTION("""COMPUTED_VALUE"""),"Yes") -> Yes | Q45: =IFERROR(__xludf.DUMMYFUNCTION("""COMPUTED_VALUE"""),"Yes") -> Yes | R45: =IFERROR(__xludf.DUMMYFUNCTION("""COMPUTED_VALUE"""),"ภาควิชาจุลชีววิทยาและวิทยาฯ") -> ภาควิชาจุลชีววิทยาและวิทยาฯ | S45: =IFERROR(__xludf.DUMMYFUNCTION("""COMPUTED_VALUE"""),48) -> 48 | T45: =IFERROR(__xludf.DUMMYFUNCTION("""COMPUTED_VALUE"""),"June") -> June
A46: =IFERROR(__xludf.DUMMYFUNCTION("""COMPUTED_VALUE"""),2023) -> 2023 | B46: =IFERROR(__xludf.DUMMYFUNCTION("""COMPUTED_VALUE"""),601) -> 601 | C46: =IFERROR(__xludf.DUMMYFUNCTION("""COMPUTED_VALUE"""),"Pharmacokinetics of robenacoxib following single intravenous, subcutaneous and oral administrations in Baladi goats (Capra hircus)") -> Pharmacokinetics of robenacoxib following single intravenous, subcutaneous and oral administrations in Baladi goats (Capra hircus) | D46: =IFERROR(__xludf.DUMMYFUNCTION("""COMPUTED_VALUE"""),5) -> 5 | E46: =IFERROR(__xludf.DUMMYFUNCTION("""COMPUTED_VALUE"""),"2023.601") -> 2023.601 | F46: =IFERROR(__xludf.DUMMYFUNCTION("""COMPUTED_VALUE"""),"Goat") -> Goat | G46: =IFERROR(__xludf.DUMMYFUNCTION("""COMPUTED_VALUE"""),"Journal of Veterinary Pharmacology and Therapeutics") -> Journal of Veterinary Pharmacology and Therapeutics | H46: =IFERROR(__xludf.DUMMYFUNCTION("""COMPUTED_VALUE"""),"Amnart Poapolathep") -> Amnart Poapolathep | I46: =IFERROR(__xludf.DUMMYFUNCTION("""COMPUTED_VALUE"""),"CoAuthor") -> CoAuthor | J46: =IFERROR(__xludf.DUMMYFUNCTION("""COMPUTED_VALUE"""),FALSE) -> FALSE | K46: =IFERROR(__xludf.DUMMYFUNCTION("""COMPUTED_VALUE"""),FALSE) -> FALSE | L46: =IFERROR(__xludf.DUMMYFUNCTION("""COMPUTED_VALUE"""),45074) -> 45074 | M46: =IFERROR(__xludf.DUMMYFUNCTION("""COMPUTED_VALUE"""),"International") -> International | N46: =IFERROR(__xludf.DUMMYFUNCTION("""COMPUTED_VALUE"""),2) -> 2 | O46: =IFERROR(__xludf.DUMMYFUNCTION("""COMPUTED_VALUE"""),1.786) -> 1.786 | P46: =IFERROR(__xludf.DUMMYFUNCTION("""COMPUTED_VALUE"""),"Yes") -> Yes | Q46: =IFERROR(__xludf.DUMMYFUNCTION("""COMPUTED_VALUE"""),"Yes") -> Yes | R46: =IFERROR(__xludf.DUMMYFUNCTION("""COMPUTED_VALUE"""),"ภาควิชาเภสัชวิทยา") -> ภาควิชาเภสัชวิทยา | S46: =IFERROR(__xludf.DUMMYFUNCTION("""COMPUTED_VALUE"""),54) -> 54 | T46: =IFERROR(__xludf.DUMMYFUNCTION("""COMPUTED_VALUE"""),"May") -> May
A47: =IFERROR(__xludf.DUMMYFUNCTION("""COMPUTED_VALUE"""),2023) -> 2023 | B47: =IFERROR(__xludf.DUMMYFUNCTION("""COMPUTED_VALUE"""),602) -> 602 | C47: =IFERROR(__xludf.DUMMYFUNCTION("""COMPUTED_VALUE"""),"Ecological niche affects mitochondrial DNA diversity and variation in near-threatened Himalayan vulture (Gyps himalayensis)") -> Ecological niche affects mitochondrial DNA diversity and variation in near-threatened Himalayan vulture (Gyps himalayensis) | D47: =IFERROR(__xludf.DUMMYFUNCTION("""COMPUTED_VALUE"""),2) -> 2 | E47: =IFERROR(__xludf.DUMMYFUNCTION("""COMPUTED_VALUE"""),"2023.602") -> 2023.602 | F47: =IFERROR(__xludf.DUMMYFUNCTION("""COMPUTED_VALUE"""),"Raptor") -> Raptor | G47: =IFERROR(__xludf.DUMMYFUNCTION("""COMPUTED_VALUE"""),"Biodiversitas") -> Biodiversitas | H47: =IFERROR(__xludf.DUMMYFUNCTION("""COMPUTED_VALUE"""),"Chaiyan Kasorndorkbua") -> Chaiyan Kasorndorkbua | I47: =IFERROR(__xludf.DUMMYFUNCTION("""COMPUTED_VALUE"""),"CorrespondingAuthor") -> CorrespondingAuthor | J47: =IFERROR(__xludf.DUMMYFUNCTION("""COMPUTED_VALUE"""),FALSE) -> FALSE | K47: =IFERROR(__xludf.DUMMYFUNCTION("""COMPUTED_VALUE"""),TRUE) -> TRUE | L47: =IFERROR(__xludf.DUMMYFUNCTION("""COMPUTED_VALUE"""),45106) -> 45106 | M47: =IFERROR(__xludf.DUMMYFUNCTION("""COMPUTED_VALUE"""),"International") -> International | N47: =IFERROR(__xludf.DUMMYFUNCTION("""COMPUTED_VALUE"""),3) -> 3 | O47: =IFERROR(__xludf.DUMMYFUNCTION("""COMPUTED_VALUE"""),1.05) -> 1.05 | P47: =IFERROR(__xludf.DUMMYFUNCTION("""COMPUTED_VALUE"""),"No") -> No | Q47: =IFERROR(__xludf.DUMMYFUNCTION("""COMPUTED_VALUE"""),"Yes") -> Yes | R47: =IFERROR(__xludf.DUMMYFUNCTION("""COMPUTED_VALUE"""),"ภาควิชาพยาธิวิทยา") -> ภาควิชาพยาธิวิทยา | S47: =IFERROR(__xludf.DUMMYFUNCTION("""COMPUTED_VALUE"""),56) -> 56 | T47: =IFERROR(__xludf.DUMMYFUNCTION("""COMPUTED_VALUE"""),"June") -> June
A48: =IFERROR(__xludf.DUMMYFUNCTION("""COMPUTED_VALUE"""),2023) -> 2023 | B48: =IFERROR(__xludf.DUMMYFUNCTION("""COMPUTED_VALUE"""),603) -> 603 | C48: =IFERROR(__xludf.DUMMYFUNCTION("""COMPUTED_VALUE"""),"Porcine Sapovirus in Northern Vietnam: Genetic Detection and Characterization Reveals Co-Circulation of Multiple Genotypes") -> Porcine Sapovirus in Northern Vietnam: Genetic Detection and Characterization Reveals Co-Circulation of Multiple Genotypes | D48: =IFERROR(__xludf.DUMMYFUNCTION("""COMPUTED_VALUE"""),2) -> 2 | E48: =IFERROR(__xludf.DUMMYFUNCTION("""COMPUTED_VALUE"""),"2023.603") -> 2023.603 | F48: =IFERROR(__xludf.DUMMYFUNCTION("""COMPUTED_VALUE"""),"Swine") -> Swine | G48: =IFERROR(__xludf.DUMMYFUNCTION("""COMPUTED_VALUE"""),"Veterinary Sciences") -> Veterinary Sciences | H48: =IFERROR(__xludf.DUMMYFUNCTION("""COMPUTED_VALUE"""),"Jatuporn Rattanasrisomporn") -> Jatuporn Rattanasrisomporn | I48: =IFERROR(__xludf.DUMMYFUNCTION("""COMPUTED_VALUE"""),"CorrespondingAuthor") -> CorrespondingAuthor | J48: =IFERROR(__xludf.DUMMYFUNCTION("""COMPUTED_VALUE"""),FALSE) -> FALSE | K48: =IFERROR(__xludf.DUMMYFUNCTION("""COMPUTED_VALUE"""),TRUE) -> TRUE | L48: =IFERROR(__xludf.DUMMYFUNCTION("""COMPUTED_VALUE"""),45106) -> 45106 | M48: =IFERROR(__xludf.DUMMYFUNCTION("""COMPUTED_VALUE"""),"International") -> International | N48: =IFERROR(__xludf.DUMMYFUNCTION("""COMPUTED_VALUE"""),1) -> 1 | O48: =IFERROR(__xludf.DUMMYFUNCTION("""COMPUTED_VALUE"""),2.304) -> 2.304 | P48: =IFERROR(__xludf.DUMMYFUNCTION("""COMPUTED_VALUE"""),"Yes") -> Yes | Q48: =IFERROR(__xludf.DUMMYFUNCTION("""COMPUTED_VALUE"""),"Yes") -> Yes | R48: =IFERROR(__xludf.DUMMYFUNCTION("""COMPUTED_VALUE"""),"ภาควิชาเวชศาสตร์คลินิกสัตว์เลี้ยง") -> ภาควิชาเวชศาสตร์คลินิกสัตว์เลี้ยง | S48: =IFERROR(__xludf.DUMMYFUNCTION("""COMPUTED_VALUE"""),52) -> 52 | T48: =IFERROR(__xludf.DUMMYFUNCTION("""COMPUTED_VALUE"""),"June") -> June
A49: =IFERROR(__xludf.DUMMYFUNCTION("""COMPUTED_VALUE"""),2023) -> 2023 | B49: =IFERROR(__xludf.DUMMYFUNCTION("""COMPUTED_VALUE"""),604) -> 604 | C49: =IFERROR(__xludf.DUMMYFUNCTION("""COMPUTED_VALUE"""),"RNA-Seq Reveals Differential Gene Expression Patterns Related to Reproduction in the Golden Mahseer") -> RNA-Seq Reveals Differential Gene Expression Patterns Related to Reproduction in the Golden Mahseer | D49: =IFERROR(__xludf.DUMMYFUNCTION("""COMPUTED_VALUE"""),2) -> 2 | E49: =IFERROR(__xludf.DUMMYFUNCTION("""COMPUTED_VALUE"""),"2023.604") -> 2023.604 | F49: =IFERROR(__xludf.DUMMYFUNCTION("""COMPUTED_VALUE"""),"Fish") -> Fish | G49: =IFERROR(__xludf.DUMMYFUNCTION("""COMPUTED_VALUE"""),"Fishes") -> Fishes | H49: =IFERROR(__xludf.DUMMYFUNCTION("""COMPUTED_VALUE"""),"Win Surachetpong") -> Win Surachetpong | I49: =IFERROR(__xludf.DUMMYFUNCTION("""COMPUTED_VALUE"""),"CorrespondingAuthor") -> CorrespondingAuthor | J49: =IFERROR(__xludf.DUMMYFUNCTION("""COMPUTED_VALUE"""),FALSE) -> FALSE | K49: =IFERROR(__xludf.DUMMYFUNCTION("""COMPUTED_VALUE"""),FALSE) -> FALSE | L49: =IFERROR(__xludf.DUMMYFUNCTION("""COMPUTED_VALUE"""),45108) -> 45108 | M49: =IFERROR(__xludf.DUMMYFUNCTION("""COMPUTED_VALUE"""),"International") -> International | N49: =IFERROR(__xludf.DUMMYFUNCTION("""COMPUTED_VALUE"""),2) -> 2 | O49: =IFERROR(__xludf.DUMMYFUNCTION("""COMPUTED_VALUE"""),2.3) -> 2.3 | P49: =IFERROR(__xludf.DUMMYFUNCTION("""COMPUTED_VALUE"""),"Yes") -> Yes | Q49: =IFERROR(__xludf.DUMMYFUNCTION("""COMPUTED_VALUE"""),"Yes") -> Yes | R49: =IFERROR(__xludf.DUMMYFUNCTION("""COMPUTED_VALUE"""),"ภาควิชาจุลชีววิทยาและวิทยาฯ") -> ภาควิชาจุลชีววิทยาและวิทยาฯ | S49: =IFERROR(__xludf.DUMMYFUNCTION("""COMPUTED_VALUE"""),48) -> 48 | T49: =IFERROR(__xludf.DUMMYFUNCTION("""COMPUTED_VALUE"""),"July") -> July
A50: =IFERROR(__xludf.DUMMYFUNCTION("""COMPUTED_VALUE"""),2023) -> 2023 | B50: =IFERROR(__xludf.DUMMYFUNCTION("""COMPUTED_VALUE"""),605) -> 605 | C50: =IFERROR(__xludf.DUMMYFUNCTION("""COMPUTED_VALUE"""),"PKD1 gene mutation and ultrasonographic characterization in cats with renal cysts") -> PKD1 gene mutation and ultrasonographic characterization in cats with renal cysts | D50: =IFERROR(__xludf.DUMMYFUNCTION("""COMPUTED_VALUE"""),5) -> 5 | E50: =IFERROR(__xludf.DUMMYFUNCTION("""COMPUTED_VALUE"""),"2023.605") -> 2023.605 | F50: =IFERROR(__xludf.DUMMYFUNCTION("""COMPUTED_VALUE"""),"Cat") -> Cat | G50: =IFERROR(__xludf.DUMMYFUNCTION("""COMPUTED_VALUE"""),"F1000Research") -> F1000Research | H50: =IFERROR(__xludf.DUMMYFUNCTION("""COMPUTED_VALUE"""),"Soontaree Petchdee") -> Soontaree Petchdee | I50: =IFERROR(__xludf.DUMMYFUNCTION("""COMPUTED_VALUE"""),"CorrespondingAuthor") -> CorrespondingAuthor | J50: =IFERROR(__xludf.DUMMYFUNCTION("""COMPUTED_VALUE"""),FALSE) -> FALSE | K50: =IFERROR(__xludf.DUMMYFUNCTION("""COMPUTED_VALUE"""),TRUE) -> TRUE | L50: =IFERROR(__xludf.DUMMYFUNCTION("""COMPUTED_VALUE"""),45105) -> 45105 | M50: =IFERROR(__xludf.DUMMYFUNCTION("""COMPUTED_VALUE"""),"International") -> International | N50: =IFERROR(__xludf.DUMMYFUNCTION("""COMPUTED_VALUE"""),1) -> 1 | O50: =IFERROR(__xludf.DUMMYFUNCTION("""COMPUTED_VALUE"""),0.939) -> 0.939 | P50: =IFERROR(__xludf.DUMMYFUNCTION("""COMPUTED_VALUE"""),"No") -> No | Q50: =IFERROR(__xludf.DUMMYFUNCTION("""COMPUTED_VALUE"""),"Yes") -> Yes | R50: =IFERROR(__xludf.DUMMYFUNCTION("""COMPUTED_VALUE"""),"ภาควิชาเวชศาสตร์คลินิกสัตว์ใหญ่และสัตว์ป่า") -> ภาควิชาเวชศาสตร์คลินิกสัตว์ใหญ่และสัตว์ป่า | S50: =IFERROR(__xludf.DUMMYFUNCTION("""COMPUTED_VALUE"""),51) -> 51 | T50: =IFERROR(__xludf.DUMMYFUNCTION("""COMPUTED_VALUE"""),"June") -> June
A51: =IFERROR(__xludf.DUMMYFUNCTION("""COMPUTED_VALUE"""),2023) -> 2023 | B51: =IFERROR(__xludf.DUMMYFUNCTION("""COMPUTED_VALUE"""),606) -> 606 | C51: =IFERROR(__xludf.DUMMYFUNCTION("""COMPUTED_VALUE"""),"Prevalence and risk factors of brucellosis and dairy farmers’ KAP in 2 townships, Myanmar") -> Prevalence and risk factors of brucellosis and dairy farmers’ KAP in 2 townships, Myanmar | D51: =IFERROR(__xludf.DUMMYFUNCTION("""COMPUTED_VALUE"""),2) -> 2 | E51: =IFERROR(__xludf.DUMMYFUNCTION("""COMPUTED_VALUE"""),"2023.606") -> 2023.606 | F51: =IFERROR(__xludf.DUMMYFUNCTION("""COMPUTED_VALUE"""),"Bovine") -> Bovine | G51: =IFERROR(__xludf.DUMMYFUNCTION("""COMPUTED_VALUE"""),"Veterinary Integrative Sciences") -> Veterinary Integrative Sciences | H51: =IFERROR(__xludf.DUMMYFUNCTION("""COMPUTED_VALUE"""),"Waraphon Phimpraphai") -> Waraphon Phimpraphai | I51: =IFERROR(__xludf.DUMMYFUNCTION("""COMPUTED_VALUE"""),"CorrespondingAuthor") -> CorrespondingAuthor | J51: =IFERROR(__xludf.DUMMYFUNCTION("""COMPUTED_VALUE"""),FALSE) -> FALSE | K51: =IFERROR(__xludf.DUMMYFUNCTION("""COMPUTED_VALUE"""),FALSE) -> FALSE | L51: =IFERROR(__xludf.DUMMYFUNCTION("""COMPUTED_VALUE"""),44988) -> 44988 | M51: =IFERROR(__xludf.DUMMYFUNCTION("""COMPUTED_VALUE"""),"International") -> International | N51: =IFERROR(__xludf.DUMMYFUNCTION("""COMPUTED_VALUE"""),4) -> 4 | O51: =IFERROR(__xludf.DUMMYFUNCTION("""COMPUTED_VALUE"""),0) -> 0 | P51: =IFERROR(__xludf.DUMMYFUNCTION("""COMPUTED_VALUE"""),"No") -> No | Q51: =IFERROR(__xludf.DUMMYFUNCTION("""COMPUTED_VALUE"""),"Yes") -> Yes | R51: =IFERROR(__xludf.DUMMYFUNCTION("""COMPUTED_VALUE"""),"ภาควิชาสัตวแพทยสาธารณสุขศาสตร์") -> ภาควิชาสัตวแพทยสาธารณสุขศาสตร์ | S51: =IFERROR(__xludf.DUMMYFUNCTION("""COMPUTED_VALUE"""),50) -> 50 | T51: =IFERROR(__xludf.DUMMYFUNCTION("""COMPUTED_VALUE"""),"March") -> March
A52: =IFERROR(__xludf.DUMMYFUNCTION("""COMPUTED_VALUE"""),2023) -> 2023 | B52: =IFERROR(__xludf.DUMMYFUNCTION("""COMPUTED_VALUE"""),607) -> 607 | C52: =IFERROR(__xludf.DUMMYFUNCTION("""COMPUTED_VALUE"""),"The Application of the Gibson Assembly Method in the Production of Two pKLS3 Vector-Derived Infectious Clones of Foot-and-Mouth Disease Virus") -> The Application of the Gibson Assembly Method in the Production of Two pKLS3 Vector-Derived Infectious Clones of Foot-and-Mouth Disease Virus | D52: =IFERROR(__xludf.DUMMYFUNCTION("""COMPUTED_VALUE"""),2) -> 2 | E52: =IFERROR(__xludf.DUMMYFUNCTION("""COMPUTED_VALUE"""),"2023.607") -> 2023.607 | F52: =IFERROR(__xludf.DUMMYFUNCTION("""COMPUTED_VALUE"""),"Bovine") -> Bovine | G52: =IFERROR(__xludf.DUMMYFUNCTION("""COMPUTED_VALUE"""),"Vaccines") -> Vaccines | H52: =IFERROR(__xludf.DUMMYFUNCTION("""COMPUTED_VALUE"""),"Porntippa Lekcharoensuk") -> Porntippa Lekcharoensuk | I52: =IFERROR(__xludf.DUMMYFUNCTION("""COMPUTED_VALUE"""),"CorrespondingAuthor") -> CorrespondingAuthor | J52: =IFERROR(__xludf.DUMMYFUNCTION("""COMPUTED_VALUE"""),FALSE) -> FALSE | K52: =IFERROR(__xludf.DUMMYFUNCTION("""COMPUTED_VALUE"""),FALSE) -> FALSE | L52: =IFERROR(__xludf.DUMMYFUNCTION("""COMPUTED_VALUE"""),45092) -> 45092 | M52: =IFERROR(__xludf.DUMMYFUNCTION("""COMPUTED_VALUE"""),"International") -> International | N52: =IFERROR(__xludf.DUMMYFUNCTION("""COMPUTED_VALUE"""),1) -> 1 | O52: =IFERROR(__xludf.DUMMYFUNCTION("""COMPUTED_VALUE"""),1.585) -> 1.585 | P52: =IFERROR(__xludf.DUMMYFUNCTION("""COMPUTED_VALUE"""),"Yes") -> Yes | Q52: =IFERROR(__xludf.DUMMYFUNCTION("""COMPUTED_VALUE"""),"Yes") -> Yes | R52: =IFERROR(__xludf.DUMMYFUNCTION("""COMPUTED_VALUE"""),"ภาควิชาจุลชีววิทยาและวิทยาฯ") -> ภาควิชาจุลชีววิทยาและวิทยาฯ | S52: =IFERROR(__xludf.DUMMYFUNCTION("""COMPUTED_VALUE"""),61) -> 61 | T52: =IFERROR(__xludf.DUMMYFUNCTION("""COMPUTED_VALUE"""),"June") -> June
A53: =IFERROR(__xludf.DUMMYFUNCTION("""COMPUTED_VALUE"""),2023) -> 2023 | B53: =IFERROR(__xludf.DUMMYFUNCTION("""COMPUTED_VALUE"""),608) -> 608 | C53: =IFERROR(__xludf.DUMMYFUNCTION("""COMPUTED_VALUE"""),"Seasonal abundance of Culicoides imicola and Culicoides oxystoma in Prachuap Khiri Khan province, Thailand") -> Seasonal abundance of Culicoides imicola and Culicoides oxystoma in Prachuap Khiri Khan province, Thailand | D53: =IFERROR(__xludf.DUMMYFUNCTION("""COMPUTED_VALUE"""),2) -> 2 | E53: =IFERROR(__xludf.DUMMYFUNCTION("""COMPUTED_VALUE"""),"2023.608") -> 2023.608 | F53: =IFERROR(__xludf.DUMMYFUNCTION("""COMPUTED_VALUE"""),"Parasite") -> Parasite | G53: =IFERROR(__xludf.DUMMYFUNCTION("""COMPUTED_VALUE"""),"Agriculture and Natural Resources") -> Agriculture and Natural Resources | H53: =IFERROR(__xludf.DUMMYFUNCTION("""COMPUTED_VALUE"""),"Jumnongjit Phasuk") -> Jumnongjit Phasuk | I53: =IFERROR(__xludf.DUMMYFUNCTION("""COMPUTED_VALUE"""),"FirstAuthor&CorrespondingAuthor") -> FirstAuthor&CorrespondingAuthor | J53: =IFERROR(__xludf.DUMMYFUNCTION("""COMPUTED_VALUE"""),FALSE) -> FALSE | K53: =IFERROR(__xludf.DUMMYFUNCTION("""COMPUTED_VALUE"""),FALSE) -> FALSE | L53: =IFERROR(__xludf.DUMMYFUNCTION("""COMPUTED_VALUE"""),45071) -> 45071 | M53: =IFERROR(__xludf.DUMMYFUNCTION("""COMPUTED_VALUE"""),"International") -> International | N53: =IFERROR(__xludf.DUMMYFUNCTION("""COMPUTED_VALUE"""),2) -> 2 | O53: =IFERROR(__xludf.DUMMYFUNCTION("""COMPUTED_VALUE"""),1.163) -> 1.163 | P53: =IFERROR(__xludf.DUMMYFUNCTION("""COMPUTED_VALUE"""),"Yes") -> Yes | Q53: =IFERROR(__xludf.DUMMYFUNCTION("""COMPUTED_VALUE"""),"Yes") -> Yes | R53: =IFERROR(__xludf.DUMMYFUNCTION("""COMPUTED_VALUE"""),"ภาควิชาปรสิตวิทยา") -> ภาควิชาปรสิตวิทยา | S53: =IFERROR(__xludf.DUMMYFUNCTION("""COMPUTED_VALUE"""),50) -> 50 | T53: =IFERROR(__xludf.DUMMYFUNCTION("""COMPUTED_VALUE"""),"May") -> May
A54: =IFERROR(__xludf.DUMMYFUNCTION("""COMPUTED_VALUE"""),2023) -> 2023 | B54: =IFERROR(__xludf.DUMMYFUNCTION("""COMPUTED_VALUE"""),609) -> 609 | C54: =IFERROR(__xludf.DUMMYFUNCTION("""COMPUTED_VALUE"""),"Effect of the oil from the fatty tissues of Crocodylus siamensis on gut microbiome diversity and metabolism in mice") -> Effect of the oil from the fatty tissues of Crocodylus siamensis on gut microbiome diversity and metabolism in mice | D54: =IFERROR(__xludf.DUMMYFUNCTION("""COMPUTED_VALUE"""),3) -> 3 | E54: =IFERROR(__xludf.DUMMYFUNCTION("""COMPUTED_VALUE"""),"2023.609") -> 2023.609 | F54: =IFERROR(__xludf.DUMMYFUNCTION("""COMPUTED_VALUE"""),"Crocodyle") -> Crocodyle | G54: =IFERROR(__xludf.DUMMYFUNCTION("""COMPUTED_VALUE"""),"Plos One") -> Plos One | H54: =IFERROR(__xludf.DUMMYFUNCTION("""COMPUTED_VALUE"""),"Phitsanu Tulayakul") -> Phitsanu Tulayakul | I54: =IFERROR(__xludf.DUMMYFUNCTION("""COMPUTED_VALUE"""),"CoAuthor") -> CoAuthor | J54: =IFERROR(__xludf.DUMMYFUNCTION("""COMPUTED_VALUE"""),FALSE) -> FALSE | K54: =IFERROR(__xludf.DUMMYFUNCTION("""COMPUTED_VALUE"""),TRUE) -> TRUE | L54: =IFERROR(__xludf.DUMMYFUNCTION("""COMPUTED_VALUE"""),45117) -> 45117 | M54: =IFERROR(__xludf.DUMMYFUNCTION("""COMPUTED_VALUE"""),"International") -> International | N54: =IFERROR(__xludf.DUMMYFUNCTION("""COMPUTED_VALUE"""),1) -> 1 | O54: =IFERROR(__xludf.DUMMYFUNCTION("""COMPUTED_VALUE"""),3.24) -> 3.24 | P54: =IFERROR(__xludf.DUMMYFUNCTION("""COMPUTED_VALUE"""),"Yes") -> Yes | Q54: =IFERROR(__xludf.DUMMYFUNCTION("""COMPUTED_VALUE"""),"Yes") -> Yes | R54: =IFERROR(__xludf.DUMMYFUNCTION("""COMPUTED_VALUE"""),"ภาควิชาสัตวแพทยสาธารณสุขศาสตร์") -> ภาควิชาสัตวแพทยสาธารณสุขศาสตร์ | S54: =IFERROR(__xludf.DUMMYFUNCTION("""COMPUTED_VALUE"""),50) -> 50 | T54: =IFERROR(__xludf.DUMMYFUNCTION("""COMPUTED_VALUE"""),"July") -> July
A55: =IFERROR(__xludf.DUMMYFUNCTION("""COMPUTED_VALUE"""),2023) -> 2023 | B55: =IFERROR(__xludf.DUMMYFUNCTION("""COMPUTED_VALUE"""),610) -> 610 | C55: =IFERROR(__xludf.DUMMYFUNCTION("""COMPUTED_VALUE"""),"Assessment of Tilapia (Oreochromis spp.) Welfare in the Semi-intensive and Intensive Culture Systems in Thailand") -> Assessment of Tilapia (Oreochromis spp.) Welfare in the Semi-intensive and Intensive Culture Systems in Thailand | D55: =IFERROR(__xludf.DUMMYFUNCTION("""COMPUTED_VALUE"""),2) -> 2 | E55: =IFERROR(__xludf.DUMMYFUNCTION("""COMPUTED_VALUE"""),"2023.610") -> 2023.610 | F55: =IFERROR(__xludf.DUMMYFUNCTION("""COMPUTED_VALUE"""),"Fish") -> Fish | G55: =IFERROR(__xludf.DUMMYFUNCTION("""COMPUTED_VALUE"""),"Animals") -> Animals | H55: =IFERROR(__xludf.DUMMYFUNCTION("""COMPUTED_VALUE"""),"Win Surachetpong") -> Win Surachetpong | I55: =IFERROR(__xludf.DUMMYFUNCTION("""COMPUTED_VALUE"""),"CorrespondingAuthor") -> CorrespondingAuthor | J55: =IFERROR(__xludf.DUMMYFUNCTION("""COMPUTED_VALUE"""),FALSE) -> FALSE | K55: =IFERROR(__xludf.DUMMYFUNCTION("""COMPUTED_VALUE"""),FALSE) -> FALSE | L55: =IFERROR(__xludf.DUMMYFUNCTION("""COMPUTED_VALUE"""),45138) -> 45138 | M55: =IFERROR(__xludf.DUMMYFUNCTION("""COMPUTED_VALUE"""),"International") -> International | N55: =IFERROR(__xludf.DUMMYFUNCTION("""COMPUTED_VALUE"""),1) -> 1 | O55: =IFERROR(__xludf.DUMMYFUNCTION("""COMPUTED_VALUE"""),2.752) -> 2.752 | P55: =IFERROR(__xludf.DUMMYFUNCTION("""COMPUTED_VALUE"""),"Yes") -> Yes | Q55: =IFERROR(__xludf.DUMMYFUNCTION("""COMPUTED_VALUE"""),"Yes") -> Yes | R55: =IFERROR(__xludf.DUMMYFUNCTION("""COMPUTED_VALUE"""),"ภาควิชาจุลชีววิทยาและวิทยาฯ") -> ภาควิชาจุลชีววิทยาและวิทยาฯ | S55: =IFERROR(__xludf.DUMMYFUNCTION("""COMPUTED_VALUE"""),48) -> 48 | T55: =IFERROR(__xludf.DUMMYFUNCTION("""COMPUTED_VALUE"""),"July") -> July
A56: =IFERROR(__xludf.DUMMYFUNCTION("""COMPUTED_VALUE"""),2023) -> 2023 | B56: =IFERROR(__xludf.DUMMYFUNCTION("""COMPUTED_VALUE"""),611) -> 611 | C56: =IFERROR(__xludf.DUMMYFUNCTION("""COMPUTED_VALUE"""),"Long-term monitoring of immune response to recombinant lumpy skin disease virus in dairy cattle from small-household farms in western Thailand") -> Long-term monitoring of immune response to recombinant lumpy skin disease virus in dairy cattle from small-household farms in western Thailand | D56: =IFERROR(__xludf.DUMMYFUNCTION("""COMPUTED_VALUE"""),2) -> 2 | E56: =IFERROR(__xludf.DUMMYFUNCTION("""COMPUTED_VALUE"""),"2023.611") -> 2023.611 | F56: =IFERROR(__xludf.DUMMYFUNCTION("""COMPUTED_VALUE"""),"Bovine") -> Bovine | G56: =IFERROR(__xludf.DUMMYFUNCTION("""COMPUTED_VALUE"""),"Comparative Immunology, Microbiology and Infectious Diseases") -> Comparative Immunology, Microbiology and Infectious Diseases | H56: =IFERROR(__xludf.DUMMYFUNCTION("""COMPUTED_VALUE"""),"Pipat Arunvipas") -> Pipat Arunvipas | I56: =IFERROR(__xludf.DUMMYFUNCTION("""COMPUTED_VALUE"""),"CorrespondingAuthor") -> CorrespondingAuthor | J56: =IFERROR(__xludf.DUMMYFUNCTION("""COMPUTED_VALUE"""),FALSE) -> FALSE | K56: =IFERROR(__xludf.DUMMYFUNCTION("""COMPUTED_VALUE"""),TRUE) -> TRUE | L56: =IFERROR(__xludf.DUMMYFUNCTION("""COMPUTED_VALUE"""),45096) -> 45096 | M56: =IFERROR(__xludf.DUMMYFUNCTION("""COMPUTED_VALUE"""),"International") -> International | N56: =IFERROR(__xludf.DUMMYFUNCTION("""COMPUTED_VALUE"""),1) -> 1 | O56: =IFERROR(__xludf.DUMMYFUNCTION("""COMPUTED_VALUE"""),2.268) -> 2.268 | P56: =IFERROR(__xludf.DUMMYFUNCTION("""COMPUTED_VALUE"""),"No") -> No | Q56: =IFERROR(__xludf.DUMMYFUNCTION("""COMPUTED_VALUE"""),"Yes") -> Yes | R56: =IFERROR(__xludf.DUMMYFUNCTION("""COMPUTED_VALUE"""),"ภาควิชาเวชศาสตร์คลินิกสัตว์ใหญ่และสัตว์ป่า") -> ภาควิชาเวชศาสตร์คลินิกสัตว์ใหญ่และสัตว์ป่า | S56: =IFERROR(__xludf.DUMMYFUNCTION("""COMPUTED_VALUE"""),59) -> 59 | T56: =IFERROR(__xludf.DUMMYFUNCTION("""COMPUTED_VALUE"""),"June") -> June
A57: =IFERROR(__xludf.DUMMYFUNCTION("""COMPUTED_VALUE"""),2023) -> 2023 | B57: =IFERROR(__xludf.DUMMYFUNCTION("""COMPUTED_VALUE"""),612) -> 612 | C57: =IFERROR(__xludf.DUMMYFUNCTION("""COMPUTED_VALUE"""),"Ultrasonographic kidney length-to-abdominal aortic diameter for the diagnosis of feline chronic kidney disease: A preliminary study") -> Ultrasonographic kidney length-to-abdominal aortic diameter for the diagnosis of feline chronic kidney disease: A preliminary study | D57: =IFERROR(__xludf.DUMMYFUNCTION("""COMPUTED_VALUE"""),5) -> 5 | E57: =IFERROR(__xludf.DUMMYFUNCTION("""COMPUTED_VALUE"""),"2023.612") -> 2023.612 | F57: =IFERROR(__xludf.DUMMYFUNCTION("""COMPUTED_VALUE"""),"Cat") -> Cat | G57: =IFERROR(__xludf.DUMMYFUNCTION("""COMPUTED_VALUE"""),"Veterinary World") -> Veterinary World | H57: =IFERROR(__xludf.DUMMYFUNCTION("""COMPUTED_VALUE"""),"Naparee Srisowanna") -> Naparee Srisowanna | I57: =IFERROR(__xludf.DUMMYFUNCTION("""COMPUTED_VALUE"""),"CoAuthor") -> CoAuthor | J57: =IFERROR(__xludf.DUMMYFUNCTION("""COMPUTED_VALUE"""),FALSE) -> FALSE | K57: =IFERROR(__xludf.DUMMYFUNCTION("""COMPUTED_VALUE"""),FALSE) -> FALSE | L57: =IFERROR(__xludf.DUMMYFUNCTION("""COMPUTED_VALUE"""),45043) -> 45043 | M57: =IFERROR(__xludf.DUMMYFUNCTION("""COMPUTED_VALUE"""),"International") -> International | N57: =IFERROR(__xludf.DUMMYFUNCTION("""COMPUTED_VALUE"""),2) -> 2 | O57: =IFERROR(__xludf.DUMMYFUNCTION("""COMPUTED_VALUE"""),2.11) -> 2.11 | P57: =IFERROR(__xludf.DUMMYFUNCTION("""COMPUTED_VALUE"""),"No") -> No | Q57: =IFERROR(__xludf.DUMMYFUNCTION("""COMPUTED_VALUE"""),"Yes") -> Yes | R57: =IFERROR(__xludf.DUMMYFUNCTION("""COMPUTED_VALUE"""),"ภาควิชากายวิภาคศาสตร์") -> ภาควิชากายวิภาคศาสตร์ | T57: =IFERROR(__xludf.DUMMYFUNCTION("""COMPUTED_VALUE"""),"April") -> April
A58: =IFERROR(__xludf.DUMMYFUNCTION("""COMPUTED_VALUE"""),2023) -> 2023 | B58: =IFERROR(__xludf.DUMMYFUNCTION("""COMPUTED_VALUE"""),613) -> 613 | C58: =IFERROR(__xludf.DUMMYFUNCTION("""COMPUTED_VALUE"""),"The influence of subclinical mastitis on the protein composition and protease activities of raw milk from lactating Thai-crossbred dairy cows") -> The influence of subclinical mastitis on the protein composition and protease activities of raw milk from lactating Thai-crossbred dairy cows | D58: =IFERROR(__xludf.DUMMYFUNCTION("""COMPUTED_VALUE"""),2) -> 2 | E58: =IFERROR(__xludf.DUMMYFUNCTION("""COMPUTED_VALUE"""),"2023.613") -> 2023.613 | F58: =IFERROR(__xludf.DUMMYFUNCTION("""COMPUTED_VALUE"""),"Bovine") -> Bovine | G58: =IFERROR(__xludf.DUMMYFUNCTION("""COMPUTED_VALUE"""),"Veterinary World") -> Veterinary World | H58: =IFERROR(__xludf.DUMMYFUNCTION("""COMPUTED_VALUE"""),"Pipat Arunvipas") -> Pipat Arunvipas | I58: =IFERROR(__xludf.DUMMYFUNCTION("""COMPUTED_VALUE"""),"CoAuthor") -> CoAuthor | J58: =IFERROR(__xludf.DUMMYFUNCTION("""COMPUTED_VALUE"""),FALSE) -> FALSE | K58: =IFERROR(__xludf.DUMMYFUNCTION("""COMPUTED_VALUE"""),FALSE) -> FALSE | L58: =IFERROR(__xludf.DUMMYFUNCTION("""COMPUTED_VALUE"""),45070) -> 45070 | M58: =IFERROR(__xludf.DUMMYFUNCTION("""COMPUTED_VALUE"""),"International") -> International | N58: =IFERROR(__xludf.DUMMYFUNCTION("""COMPUTED_VALUE"""),2) -> 2 | O58: =IFERROR(__xludf.DUMMYFUNCTION("""COMPUTED_VALUE"""),2.11) -> 2.11 | P58: =IFERROR(__xludf.DUMMYFUNCTION("""COMPUTED_VALUE"""),"No") -> No | Q58: =IFERROR(__xludf.DUMMYFUNCTION("""COMPUTED_VALUE"""),"Yes") -> Yes | R58: =IFERROR(__xludf.DUMMYFUNCTION("""COMPUTED_VALUE"""),"ภาควิชาเวชศาสตร์คลินิกสัตว์ใหญ่และสัตว์ป่า") -> ภาควิชาเวชศาสตร์คลินิกสัตว์ใหญ่และสัตว์ป่า | S58: =IFERROR(__xludf.DUMMYFUNCTION("""COMPUTED_VALUE"""),59) -> 59 | T58: =IFERROR(__xludf.DUMMYFUNCTION("""COMPUTED_VALUE"""),"May") -> May
A59: =IFERROR(__xludf.DUMMYFUNCTION("""COMPUTED_VALUE"""),2023) -> 2023 | B59: =IFERROR(__xludf.DUMMYFUNCTION("""COMPUTED_VALUE"""),614) -> 614 | C59: =IFERROR(__xludf.DUMMYFUNCTION("""COMPUTED_VALUE"""),"Predictive Factors for Two-Year Survival in Dogs with Hepatobiliary Diseases: Importance of Clinical and Laboratory Monitoring") -> Predictive Factors for Two-Year Survival in Dogs with Hepatobiliary Diseases: Importance of Clinical and Laboratory Monitoring | D59: =IFERROR(__xludf.DUMMYFUNCTION("""COMPUTED_VALUE"""),5) -> 5 | E59: =IFERROR(__xludf.DUMMYFUNCTION("""COMPUTED_VALUE"""),"2023.614") -> 2023.614 | F59: =IFERROR(__xludf.DUMMYFUNCTION("""COMPUTED_VALUE"""),"Dog") -> Dog | G59: =IFERROR(__xludf.DUMMYFUNCTION("""COMPUTED_VALUE"""),"Animals") -> Animals | H59: =IFERROR(__xludf.DUMMYFUNCTION("""COMPUTED_VALUE"""),"Naris Thengchaisri") -> Naris Thengchaisri | I59: =IFERROR(__xludf.DUMMYFUNCTION("""COMPUTED_VALUE"""),"CorrespondingAuthor") -> CorrespondingAuthor | J59: =IFERROR(__xludf.DUMMYFUNCTION("""COMPUTED_VALUE"""),FALSE) -> FALSE | K59: =IFERROR(__xludf.DUMMYFUNCTION("""COMPUTED_VALUE"""),FALSE) -> FALSE | L59: =IFERROR(__xludf.DUMMYFUNCTION("""COMPUTED_VALUE"""),45158) -> 45158 | M59: =IFERROR(__xludf.DUMMYFUNCTION("""COMPUTED_VALUE"""),"International") -> International | N59: =IFERROR(__xludf.DUMMYFUNCTION("""COMPUTED_VALUE"""),1) -> 1 | O59: =IFERROR(__xludf.DUMMYFUNCTION("""COMPUTED_VALUE"""),2.752) -> 2.752 | P59: =IFERROR(__xludf.DUMMYFUNCTION("""COMPUTED_VALUE"""),"Yes") -> Yes | Q59: =IFERROR(__xludf.DUMMYFUNCTION("""COMPUTED_VALUE"""),"Yes") -> Yes | R59: =IFERROR(__xludf.DUMMYFUNCTION("""COMPUTED_VALUE"""),"ภาควิชาเวชศาสตร์คลินิกสัตว์เลี้ยง") -> ภาควิชาเวชศาสตร์คลินิกสัตว์เลี้ยง | S59: =IFERROR(__xludf.DUMMYFUNCTION("""COMPUTED_VALUE"""),52) -> 52 | T59: =IFERROR(__xludf.DUMMYFUNCTION("""COMPUTED_VALUE"""),"August") -> August
A60: =IFERROR(__xludf.DUMMYFUNCTION("""COMPUTED_VALUE"""),2023) -> 2023 | B60: =IFERROR(__xludf.DUMMYFUNCTION("""COMPUTED_VALUE"""),615) -> 615 | C60: =IFERROR(__xludf.DUMMYFUNCTION("""COMPUTED_VALUE"""),"Effects of crocodile (Crocodylus siamensis) oil and palm oil on leptin activated signal transducer and activator of transcription 3 signaling pathway and hepatic fat accumulation in rats") -> Effects of crocodile (Crocodylus siamensis) oil and palm oil on leptin activated signal transducer and activator of transcription 3 signaling pathway and hepatic fat accumulation in rats | D60: =IFERROR(__xludf.DUMMYFUNCTION("""COMPUTED_VALUE"""),3) -> 3 | E60: =IFERROR(__xludf.DUMMYFUNCTION("""COMPUTED_VALUE"""),"2023.615") -> 2023.615 | F60: =IFERROR(__xludf.DUMMYFUNCTION("""COMPUTED_VALUE"""),"Crocodyle") -> Crocodyle | G60: =IFERROR(__xludf.DUMMYFUNCTION("""COMPUTED_VALUE"""),"Agriculture and Natural Resources") -> Agriculture and Natural Resources | H60: =IFERROR(__xludf.DUMMYFUNCTION("""COMPUTED_VALUE"""),"Phitsanu Tulayakul") -> Phitsanu Tulayakul | I60: =IFERROR(__xludf.DUMMYFUNCTION("""COMPUTED_VALUE"""),"CorrespondingAuthor") -> CorrespondingAuthor | J60: =IFERROR(__xludf.DUMMYFUNCTION("""COMPUTED_VALUE"""),FALSE) -> FALSE | K60: =IFERROR(__xludf.DUMMYFUNCTION("""COMPUTED_VALUE"""),TRUE) -> TRUE | L60: =IFERROR(__xludf.DUMMYFUNCTION("""COMPUTED_VALUE"""),45097) -> 45097 | M60: =IFERROR(__xludf.DUMMYFUNCTION("""COMPUTED_VALUE"""),"International") -> International | N60: =IFERROR(__xludf.DUMMYFUNCTION("""COMPUTED_VALUE"""),2) -> 2 | O60: =IFERROR(__xludf.DUMMYFUNCTION("""COMPUTED_VALUE"""),1.163) -> 1.163 | P60: =IFERROR(__xludf.DUMMYFUNCTION("""COMPUTED_VALUE"""),"Yes") -> Yes | Q60: =IFERROR(__xludf.DUMMYFUNCTION("""COMPUTED_VALUE"""),"Yes") -> Yes | R60: =IFERROR(__xludf.DUMMYFUNCTION("""COMPUTED_VALUE"""),"ภาควิชาสัตวแพทยสาธารณสุขศาสตร์") -> ภาควิชาสัตวแพทยสาธารณสุขศาสตร์ | S60: =IFERROR(__xludf.DUMMYFUNCTION("""COMPUTED_VALUE"""),50) -> 50 | T60: =IFERROR(__xludf.DUMMYFUNCTION("""COMPUTED_VALUE"""),"June") -> June
A61: =IFERROR(__xludf.DUMMYFUNCTION("""COMPUTED_VALUE"""),2023) -> 2023 | B61: =IFERROR(__xludf.DUMMYFUNCTION("""COMPUTED_VALUE"""),616) -> 616 | C61: =IFERROR(__xludf.DUMMYFUNCTION("""COMPUTED_VALUE"""),"Insect-based diets (house crickets and mulberry silkworm pupae): A comparison of their effects on canine gut microbiota") -> Insect-based diets (house crickets and mulberry silkworm pupae): A comparison of their effects on canine gut microbiota | D61: =IFERROR(__xludf.DUMMYFUNCTION("""COMPUTED_VALUE"""),2) -> 2 | E61: =IFERROR(__xludf.DUMMYFUNCTION("""COMPUTED_VALUE"""),"2023.616") -> 2023.616 | F61: =IFERROR(__xludf.DUMMYFUNCTION("""COMPUTED_VALUE"""),"Dog") -> Dog | G61: =IFERROR(__xludf.DUMMYFUNCTION("""COMPUTED_VALUE"""),"Veterinary World") -> Veterinary World | H61: =IFERROR(__xludf.DUMMYFUNCTION("""COMPUTED_VALUE"""),"Attawit Kovitvadhi") -> Attawit Kovitvadhi | I61: =IFERROR(__xludf.DUMMYFUNCTION("""COMPUTED_VALUE"""),"CorrespondingAuthor") -> CorrespondingAuthor | J61: =IFERROR(__xludf.DUMMYFUNCTION("""COMPUTED_VALUE"""),FALSE) -> FALSE | K61: =IFERROR(__xludf.DUMMYFUNCTION("""COMPUTED_VALUE"""),TRUE) -> TRUE | L61: =IFERROR(__xludf.DUMMYFUNCTION("""COMPUTED_VALUE"""),45155) -> 45155 | M61: =IFERROR(__xludf.DUMMYFUNCTION("""COMPUTED_VALUE"""),"International") -> International | N61: =IFERROR(__xludf.DUMMYFUNCTION("""COMPUTED_VALUE"""),2) -> 2 | O61: =IFERROR(__xludf.DUMMYFUNCTION("""COMPUTED_VALUE"""),2.11) -> 2.11 | P61: =IFERROR(__xludf.DUMMYFUNCTION("""COMPUTED_VALUE"""),"No") -> No | Q61: =IFERROR(__xludf.DUMMYFUNCTION("""COMPUTED_VALUE"""),"Yes") -> Yes | R61: =IFERROR(__xludf.DUMMYFUNCTION("""COMPUTED_VALUE"""),"ภาควิชาสรีรวิทยา") -> ภาควิชาสรีรวิทยา | S61: =IFERROR(__xludf.DUMMYFUNCTION("""COMPUTED_VALUE"""),37) -> 37 | T61: =IFERROR(__xludf.DUMMYFUNCTION("""COMPUTED_VALUE"""),"August") -> August
A62: =IFERROR(__xludf.DUMMYFUNCTION("""COMPUTED_VALUE"""),2023) -> 2023 | B62: =IFERROR(__xludf.DUMMYFUNCTION("""COMPUTED_VALUE"""),617) -> 617 | C62: =IFERROR(__xludf.DUMMYFUNCTION("""COMPUTED_VALUE"""),"Surgical treatment of intra-abdominal vaginal cyst severely adhered to associated organs in a dog") -> Surgical treatment of intra-abdominal vaginal cyst severely adhered to associated organs in a dog | D62: =IFERROR(__xludf.DUMMYFUNCTION("""COMPUTED_VALUE"""),5) -> 5 | E62: =IFERROR(__xludf.DUMMYFUNCTION("""COMPUTED_VALUE"""),"2023.617") -> 2023.617 | F62: =IFERROR(__xludf.DUMMYFUNCTION("""COMPUTED_VALUE"""),"Dog") -> Dog | G62: =IFERROR(__xludf.DUMMYFUNCTION("""COMPUTED_VALUE"""),"Thai Journal of Veterinary Medicine") -> Thai Journal of Veterinary Medicine | H62: =IFERROR(__xludf.DUMMYFUNCTION("""COMPUTED_VALUE"""),"Nithida Boonwittaya") -> Nithida Boonwittaya | I62: =IFERROR(__xludf.DUMMYFUNCTION("""COMPUTED_VALUE"""),"FirstAuthor&CorrespondingAuthor") -> FirstAuthor&CorrespondingAuthor | J62: =IFERROR(__xludf.DUMMYFUNCTION("""COMPUTED_VALUE"""),FALSE) -> FALSE | K62: =IFERROR(__xludf.DUMMYFUNCTION("""COMPUTED_VALUE"""),FALSE) -> FALSE | L62: =IFERROR(__xludf.DUMMYFUNCTION("""COMPUTED_VALUE"""),45043) -> 45043 | M62: =IFERROR(__xludf.DUMMYFUNCTION("""COMPUTED_VALUE"""),"International") -> International | N62: =IFERROR(__xludf.DUMMYFUNCTION("""COMPUTED_VALUE"""),4) -> 4 | O62: =IFERROR(__xludf.DUMMYFUNCTION("""COMPUTED_VALUE"""),0.28) -> 0.28 | P62: =IFERROR(__xludf.DUMMYFUNCTION("""COMPUTED_VALUE"""),"Yes") -> Yes | Q62: =IFERROR(__xludf.DUMMYFUNCTION("""COMPUTED_VALUE"""),"Yes") -> Yes | R62: =IFERROR(__xludf.DUMMYFUNCTION("""COMPUTED_VALUE"""),"โรงพยาบาลสัตว์ มก. บางเขน") -> โรงพยาบาลสัตว์ มก. บางเขน | S62: =IFERROR(__xludf.DUMMYFUNCTION("""COMPUTED_VALUE"""),39) -> 39 | T62: =IFERROR(__xludf.DUMMYFUNCTION("""COMPUTED_VALUE"""),"April") -> April
A63: =IFERROR(__xludf.DUMMYFUNCTION("""COMPUTED_VALUE"""),2023) -> 2023 | B63: =IFERROR(__xludf.DUMMYFUNCTION("""COMPUTED_VALUE"""),618) -> 618 | C63: =IFERROR(__xludf.DUMMYFUNCTION("""COMPUTED_VALUE"""),"Serum and Fecal 3-Bromotyrosine Concentrations in Dogs with Chronic Inflammatory Enteropathy: Clinical Parameters and Histopathological Changes") -> Serum and Fecal 3-Bromotyrosine Concentrations in Dogs with Chronic Inflammatory Enteropathy: Clinical Parameters and Histopathological Changes | D63: =IFERROR(__xludf.DUMMYFUNCTION("""COMPUTED_VALUE"""),5) -> 5 | E63: =IFERROR(__xludf.DUMMYFUNCTION("""COMPUTED_VALUE"""),"2023.618") -> 2023.618 | F63: =IFERROR(__xludf.DUMMYFUNCTION("""COMPUTED_VALUE"""),"Dog") -> Dog | G63: =IFERROR(__xludf.DUMMYFUNCTION("""COMPUTED_VALUE"""),"Animals") -> Animals | H63: =IFERROR(__xludf.DUMMYFUNCTION("""COMPUTED_VALUE"""),"Panpicha Sattasathuchana") -> Panpicha Sattasathuchana | I63: =IFERROR(__xludf.DUMMYFUNCTION("""COMPUTED_VALUE"""),"FirstAuthor&CorrespondingAuthor") -> FirstAuthor&CorrespondingAuthor | J63: =IFERROR(__xludf.DUMMYFUNCTION("""COMPUTED_VALUE"""),FALSE) -> FALSE | K63: =IFERROR(__xludf.DUMMYFUNCTION("""COMPUTED_VALUE"""),FALSE) -> FALSE | L63: =IFERROR(__xludf.DUMMYFUNCTION("""COMPUTED_VALUE"""),45172) -> 45172 | M63: =IFERROR(__xludf.DUMMYFUNCTION("""COMPUTED_VALUE"""),"International") -> International | N63: =IFERROR(__xludf.DUMMYFUNCTION("""COMPUTED_VALUE"""),1) -> 1 | O63: =IFERROR(__xludf.DUMMYFUNCTION("""COMPUTED_VALUE"""),2.752) -> 2.752 | P63: =IFERROR(__xludf.DUMMYFUNCTION("""COMPUTED_VALUE"""),"Yes") -> Yes | Q63: =IFERROR(__xludf.DUMMYFUNCTION("""COMPUTED_VALUE"""),"Yes") -> Yes | R63: =IFERROR(__xludf.DUMMYFUNCTION("""COMPUTED_VALUE"""),"ภาควิชาเวชศาสตร์คลินิกสัตว์เลี้ยง") -> ภาควิชาเวชศาสตร์คลินิกสัตว์เลี้ยง | S63: =IFERROR(__xludf.DUMMYFUNCTION("""COMPUTED_VALUE"""),43) -> 43 | T63: =IFERROR(__xludf.DUMMYFUNCTION("""COMPUTED_VALUE"""),"September") -> September
A64: =IFERROR(__xludf.DUMMYFUNCTION("""COMPUTED_VALUE"""),2023) -> 2023 | B64: =IFERROR(__xludf.DUMMYFUNCTION("""COMPUTED_VALUE"""),619) -> 619 | C64: =IFERROR(__xludf.DUMMYFUNCTION("""COMPUTED_VALUE"""),"Phacoemulsification in a chinchilla (Chinchilla lanigera)") -> Phacoemulsification in a chinchilla (Chinchilla lanigera) | D64: =IFERROR(__xludf.DUMMYFUNCTION("""COMPUTED_VALUE"""),5) -> 5 | E64: =IFERROR(__xludf.DUMMYFUNCTION("""COMPUTED_VALUE"""),"2023.619") -> 2023.619 | F64: =IFERROR(__xludf.DUMMYFUNCTION("""COMPUTED_VALUE"""),"Exotic") -> Exotic | G64: =IFERROR(__xludf.DUMMYFUNCTION("""COMPUTED_VALUE"""),"Open Veterinary Journal") -> Open Veterinary Journal | H64: =IFERROR(__xludf.DUMMYFUNCTION("""COMPUTED_VALUE"""),"Taksaon Duangurai") -> Taksaon Duangurai | I64: =IFERROR(__xludf.DUMMYFUNCTION("""COMPUTED_VALUE"""),"CorrespondingAuthor") -> CorrespondingAuthor | J64: =IFERROR(__xludf.DUMMYFUNCTION("""COMPUTED_VALUE"""),FALSE) -> FALSE | K64: =IFERROR(__xludf.DUMMYFUNCTION("""COMPUTED_VALUE"""),FALSE) -> FALSE | L64: =IFERROR(__xludf.DUMMYFUNCTION("""COMPUTED_VALUE"""),45123) -> 45123 | M64: =IFERROR(__xludf.DUMMYFUNCTION("""COMPUTED_VALUE"""),"International") -> International | N64: =IFERROR(__xludf.DUMMYFUNCTION("""COMPUTED_VALUE"""),2) -> 2 | O64: =IFERROR(__xludf.DUMMYFUNCTION("""COMPUTED_VALUE"""),1.46) -> 1.46 | P64: =IFERROR(__xludf.DUMMYFUNCTION("""COMPUTED_VALUE"""),"Yes") -> Yes | Q64: =IFERROR(__xludf.DUMMYFUNCTION("""COMPUTED_VALUE"""),"Yes") -> Yes | R64: =IFERROR(__xludf.DUMMYFUNCTION("""COMPUTED_VALUE"""),"ภาควิชาเวชศาสตร์คลินิกสัตว์เลี้ยง") -> ภาควิชาเวชศาสตร์คลินิกสัตว์เลี้ยง | S64: =IFERROR(__xludf.DUMMYFUNCTION("""COMPUTED_VALUE"""),43) -> 43 | T64: =IFERROR(__xludf.DUMMYFUNCTION("""COMPUTED_VALUE"""),"July") -> July
A65: =IFERROR(__xludf.DUMMYFUNCTION("""COMPUTED_VALUE"""),2023) -> 2023 | B65: =IFERROR(__xludf.DUMMYFUNCTION("""COMPUTED_VALUE"""),620) -> 620 | C65: =IFERROR(__xludf.DUMMYFUNCTION("""COMPUTED_VALUE"""),"From the heart of the animal feed industry: a Southeast Asian perspective on insects for feed in Asia") -> From the heart of the animal feed industry: a Southeast Asian perspective on insects for feed in Asia | D65: =IFERROR(__xludf.DUMMYFUNCTION("""COMPUTED_VALUE"""),2) -> 2 | E65: =IFERROR(__xludf.DUMMYFUNCTION("""COMPUTED_VALUE"""),"2023.620") -> 2023.620 | F65: =IFERROR(__xludf.DUMMYFUNCTION("""COMPUTED_VALUE"""),"Insect") -> Insect | G65: =IFERROR(__xludf.DUMMYFUNCTION("""COMPUTED_VALUE"""),"Animal Frontiers") -> Animal Frontiers | H65: =IFERROR(__xludf.DUMMYFUNCTION("""COMPUTED_VALUE"""),"Attawit Kovitvadhi") -> Attawit Kovitvadhi | I65: =IFERROR(__xludf.DUMMYFUNCTION("""COMPUTED_VALUE"""),"CoAuthor") -> CoAuthor | J65: =IFERROR(__xludf.DUMMYFUNCTION("""COMPUTED_VALUE"""),FALSE) -> FALSE | K65: =IFERROR(__xludf.DUMMYFUNCTION("""COMPUTED_VALUE"""),FALSE) -> FALSE | L65: =IFERROR(__xludf.DUMMYFUNCTION("""COMPUTED_VALUE"""),45152) -> 45152 | M65: =IFERROR(__xludf.DUMMYFUNCTION("""COMPUTED_VALUE"""),"International") -> International | N65: =IFERROR(__xludf.DUMMYFUNCTION("""COMPUTED_VALUE"""),1) -> 1 | O65: =IFERROR(__xludf.DUMMYFUNCTION("""COMPUTED_VALUE"""),5.304) -> 5.304 | P65: =IFERROR(__xludf.DUMMYFUNCTION("""COMPUTED_VALUE"""),"Yes") -> Yes | Q65: =IFERROR(__xludf.DUMMYFUNCTION("""COMPUTED_VALUE"""),"Yes") -> Yes | R65: =IFERROR(__xludf.DUMMYFUNCTION("""COMPUTED_VALUE"""),"ภาควิชาสรีรวิทยา") -> ภาควิชาสรีรวิทยา | S65: =IFERROR(__xludf.DUMMYFUNCTION("""COMPUTED_VALUE"""),37) -> 37 | T65: =IFERROR(__xludf.DUMMYFUNCTION("""COMPUTED_VALUE"""),"August") -> August
A66: =IFERROR(__xludf.DUMMYFUNCTION("""COMPUTED_VALUE"""),2023) -> 2023 | B66: =IFERROR(__xludf.DUMMYFUNCTION("""COMPUTED_VALUE"""),621) -> 621 | C66: =IFERROR(__xludf.DUMMYFUNCTION("""COMPUTED_VALUE"""),"The Successful Medical Treatment of Localized Tetanus in a Cat") -> The Successful Medical Treatment of Localized Tetanus in a Cat | D66: =IFERROR(__xludf.DUMMYFUNCTION("""COMPUTED_VALUE"""),5) -> 5 | E66: =IFERROR(__xludf.DUMMYFUNCTION("""COMPUTED_VALUE"""),"2023.621") -> 2023.621 | F66: =IFERROR(__xludf.DUMMYFUNCTION("""COMPUTED_VALUE"""),"Cat") -> Cat | G66: =IFERROR(__xludf.DUMMYFUNCTION("""COMPUTED_VALUE"""),"International Journal of Veterinary Science") -> International Journal of Veterinary Science | H66: =IFERROR(__xludf.DUMMYFUNCTION("""COMPUTED_VALUE"""),"Soontaree Petchdee") -> Soontaree Petchdee | I66: =IFERROR(__xludf.DUMMYFUNCTION("""COMPUTED_VALUE"""),"CorrespondingAuthor") -> CorrespondingAuthor | J66: =IFERROR(__xludf.DUMMYFUNCTION("""COMPUTED_VALUE"""),FALSE) -> FALSE | K66: =IFERROR(__xludf.DUMMYFUNCTION("""COMPUTED_VALUE"""),FALSE) -> FALSE | L66: =IFERROR(__xludf.DUMMYFUNCTION("""COMPUTED_VALUE"""),45153) -> 45153 | M66: =IFERROR(__xludf.DUMMYFUNCTION("""COMPUTED_VALUE"""),"International") -> International | N66: =IFERROR(__xludf.DUMMYFUNCTION("""COMPUTED_VALUE"""),3) -> 3 | O66: =IFERROR(__xludf.DUMMYFUNCTION("""COMPUTED_VALUE"""),0.277) -> 0.277 | P66: =IFERROR(__xludf.DUMMYFUNCTION("""COMPUTED_VALUE"""),"No") -> No | Q66: =IFERROR(__xludf.DUMMYFUNCTION("""COMPUTED_VALUE"""),"Yes") -> Yes | R66: =IFERROR(__xludf.DUMMYFUNCTION("""COMPUTED_VALUE"""),"ภาควิชาเวชศาสตร์คลินิกสัตว์ใหญ่และสัตว์ป่า") -> ภาควิชาเวชศาสตร์คลินิกสัตว์ใหญ่และสัตว์ป่า | S66: =IFERROR(__xludf.DUMMYFUNCTION("""COMPUTED_VALUE"""),51) -> 51 | T66: =IFERROR(__xludf.DUMMYFUNCTION("""COMPUTED_VALUE"""),"August") -> August
A67: =IFERROR(__xludf.DUMMYFUNCTION("""COMPUTED_VALUE"""),2023) -> 2023 | B67: =IFERROR(__xludf.DUMMYFUNCTION("""COMPUTED_VALUE"""),622) -> 622 | C67: =IFERROR(__xludf.DUMMYFUNCTION("""COMPUTED_VALUE"""),"Tick-borne Pathogen Detection and Its Association with Alterations in Packed Cell Volume of Dairy Cattle in Thailand") -> Tick-borne Pathogen Detection and Its Association with Alterations in Packed Cell Volume of Dairy Cattle in Thailand | D67: =IFERROR(__xludf.DUMMYFUNCTION("""COMPUTED_VALUE"""),2) -> 2 | E67: =IFERROR(__xludf.DUMMYFUNCTION("""COMPUTED_VALUE"""),"2023.622") -> 2023.622 | F67: =IFERROR(__xludf.DUMMYFUNCTION("""COMPUTED_VALUE"""),"Bovine") -> Bovine | G67: =IFERROR(__xludf.DUMMYFUNCTION("""COMPUTED_VALUE"""),"Animals") -> Animals | H67: =IFERROR(__xludf.DUMMYFUNCTION("""COMPUTED_VALUE"""),"Tawin Inpankaew") -> Tawin Inpankaew | I67: =IFERROR(__xludf.DUMMYFUNCTION("""COMPUTED_VALUE"""),"CorrespondingAuthor") -> CorrespondingAuthor | J67: =IFERROR(__xludf.DUMMYFUNCTION("""COMPUTED_VALUE"""),FALSE) -> FALSE | K67: =IFERROR(__xludf.DUMMYFUNCTION("""COMPUTED_VALUE"""),FALSE) -> FALSE | L67: =IFERROR(__xludf.DUMMYFUNCTION("""COMPUTED_VALUE"""),45173) -> 45173 | M67: =IFERROR(__xludf.DUMMYFUNCTION("""COMPUTED_VALUE"""),"International") -> International | N67: =IFERROR(__xludf.DUMMYFUNCTION("""COMPUTED_VALUE"""),1) -> 1 | O67: =IFERROR(__xludf.DUMMYFUNCTION("""COMPUTED_VALUE"""),2.752) -> 2.752 | P67: =IFERROR(__xludf.DUMMYFUNCTION("""COMPUTED_VALUE"""),"Yes") -> Yes | Q67: =IFERROR(__xludf.DUMMYFUNCTION("""COMPUTED_VALUE"""),"Yes") -> Yes | R67: =IFERROR(__xludf.DUMMYFUNCTION("""COMPUTED_VALUE"""),"ภาควิชาปรสิตวิทยา") -> ภาควิชาปรสิตวิทยา | S67: =IFERROR(__xludf.DUMMYFUNCTION("""COMPUTED_VALUE"""),47) -> 47 | T67: =IFERROR(__xludf.DUMMYFUNCTION("""COMPUTED_VALUE"""),"September") -> September
A68: =IFERROR(__xludf.DUMMYFUNCTION("""COMPUTED_VALUE"""),2023) -> 2023 | B68: =IFERROR(__xludf.DUMMYFUNCTION("""COMPUTED_VALUE"""),623) -> 623 | C68: =IFERROR(__xludf.DUMMYFUNCTION("""COMPUTED_VALUE"""),"Hydrogel-based 3D human iPSC-derived neuronal culture for the study of rabies virus infection") -> Hydrogel-based 3D human iPSC-derived neuronal culture for the study of rabies virus infection | D68: =IFERROR(__xludf.DUMMYFUNCTION("""COMPUTED_VALUE"""),2) -> 2 | E68: =IFERROR(__xludf.DUMMYFUNCTION("""COMPUTED_VALUE"""),"2023.623") -> 2023.623 | F68: =IFERROR(__xludf.DUMMYFUNCTION("""COMPUTED_VALUE"""),"Cell") -> Cell | G68: =IFERROR(__xludf.DUMMYFUNCTION("""COMPUTED_VALUE"""),"Frontiers in Cellular and Infection Microbiology") -> Frontiers in Cellular and Infection Microbiology | H68: =IFERROR(__xludf.DUMMYFUNCTION("""COMPUTED_VALUE"""),"Porntippa Lekcharoensuk") -> Porntippa Lekcharoensuk | I68: =IFERROR(__xludf.DUMMYFUNCTION("""COMPUTED_VALUE"""),"CoAuthor") -> CoAuthor | J68: =IFERROR(__xludf.DUMMYFUNCTION("""COMPUTED_VALUE"""),FALSE) -> FALSE | K68: =IFERROR(__xludf.DUMMYFUNCTION("""COMPUTED_VALUE"""),TRUE) -> TRUE | L68: =IFERROR(__xludf.DUMMYFUNCTION("""COMPUTED_VALUE"""),45146) -> 45146 | M68: =IFERROR(__xludf.DUMMYFUNCTION("""COMPUTED_VALUE"""),"International") -> International | N68: =IFERROR(__xludf.DUMMYFUNCTION("""COMPUTED_VALUE"""),1) -> 1 | O68: =IFERROR(__xludf.DUMMYFUNCTION("""COMPUTED_VALUE"""),5.7) -> 5.7 | P68: =IFERROR(__xludf.DUMMYFUNCTION("""COMPUTED_VALUE"""),"Yes") -> Yes | Q68: =IFERROR(__xludf.DUMMYFUNCTION("""COMPUTED_VALUE"""),"Yes") -> Yes | R68: =IFERROR(__xludf.DUMMYFUNCTION("""COMPUTED_VALUE"""),"ภาควิชาจุลชีววิทยาและวิทยาฯ") -> ภาควิชาจุลชีววิทยาและวิทยาฯ | S68: =IFERROR(__xludf.DUMMYFUNCTION("""COMPUTED_VALUE"""),61) -> 61 | T68: =IFERROR(__xludf.DUMMYFUNCTION("""COMPUTED_VALUE"""),"August") -> August
A69: =IFERROR(__xludf.DUMMYFUNCTION("""COMPUTED_VALUE"""),2023) -> 2023 | B69: =IFERROR(__xludf.DUMMYFUNCTION("""COMPUTED_VALUE"""),624) -> 624 | C69: =IFERROR(__xludf.DUMMYFUNCTION("""COMPUTED_VALUE"""),"A retrospective study of structural brain lesions identified by magnetic resonance imaging in 114 cats with neurological signs") -> A retrospective study of structural brain lesions identified by magnetic resonance imaging in 114 cats with neurological signs | D69: =IFERROR(__xludf.DUMMYFUNCTION("""COMPUTED_VALUE"""),5) -> 5 | E69: =IFERROR(__xludf.DUMMYFUNCTION("""COMPUTED_VALUE"""),"2023.624") -> 2023.624 | F69: =IFERROR(__xludf.DUMMYFUNCTION("""COMPUTED_VALUE"""),"Cat") -> Cat | G69: =IFERROR(__xludf.DUMMYFUNCTION("""COMPUTED_VALUE"""),"Veterinary World") -> Veterinary World | H69: =IFERROR(__xludf.DUMMYFUNCTION("""COMPUTED_VALUE"""),"Panpicha Sattasathuchana") -> Panpicha Sattasathuchana | I69: =IFERROR(__xludf.DUMMYFUNCTION("""COMPUTED_VALUE"""),"CorrespondingAuthor") -> CorrespondingAuthor | J69: =IFERROR(__xludf.DUMMYFUNCTION("""COMPUTED_VALUE"""),FALSE) -> FALSE | K69: =IFERROR(__xludf.DUMMYFUNCTION("""COMPUTED_VALUE"""),FALSE) -> FALSE | L69: =IFERROR(__xludf.DUMMYFUNCTION("""COMPUTED_VALUE"""),45159) -> 45159 | M69: =IFERROR(__xludf.DUMMYFUNCTION("""COMPUTED_VALUE"""),"International") -> International | N69: =IFERROR(__xludf.DUMMYFUNCTION("""COMPUTED_VALUE"""),2) -> 2 | O69: =IFERROR(__xludf.DUMMYFUNCTION("""COMPUTED_VALUE"""),2.11) -> 2.11 | P69: =IFERROR(__xludf.DUMMYFUNCTION("""COMPUTED_VALUE"""),"No") -> No | Q69: =IFERROR(__xludf.DUMMYFUNCTION("""COMPUTED_VALUE"""),"Yes") -> Yes | R69: =IFERROR(__xludf.DUMMYFUNCTION("""COMPUTED_VALUE"""),"ภาควิชาเวชศาสตร์คลินิกสัตว์เลี้ยง") -> ภาควิชาเวชศาสตร์คลินิกสัตว์เลี้ยง | S69: =IFERROR(__xludf.DUMMYFUNCTION("""COMPUTED_VALUE"""),43) -> 43 | T69: =IFERROR(__xludf.DUMMYFUNCTION("""COMPUTED_VALUE"""),"August") -> August
A70: =IFERROR(__xludf.DUMMYFUNCTION("""COMPUTED_VALUE"""),2023) -> 2023 | B70: =IFERROR(__xludf.DUMMYFUNCTION("""COMPUTED_VALUE"""),625) -> 625 | C70: =IFERROR(__xludf.DUMMYFUNCTION("""COMPUTED_VALUE"""),"Antiviral mechanisms of sorafenib against foot-and-mouth disease virus via c-RAF and AKT/PI3K pathways") -> Antiviral mechanisms of sorafenib against foot-and-mouth disease virus via c-RAF and AKT/PI3K pathways | D70: =IFERROR(__xludf.DUMMYFUNCTION("""COMPUTED_VALUE"""),2) -> 2 | E70: =IFERROR(__xludf.DUMMYFUNCTION("""COMPUTED_VALUE"""),"2023.625") -> 2023.625 | F70: =IFERROR(__xludf.DUMMYFUNCTION("""COMPUTED_VALUE"""),"Cell") -> Cell | G70: =IFERROR(__xludf.DUMMYFUNCTION("""COMPUTED_VALUE"""),"Veterinary Research Communications") -> Veterinary Research Communications | H70: =IFERROR(__xludf.DUMMYFUNCTION("""COMPUTED_VALUE"""),"Sirin Theerawatanasirikul") -> Sirin Theerawatanasirikul | I70: =IFERROR(__xludf.DUMMYFUNCTION("""COMPUTED_VALUE"""),"FirstAuthor") -> FirstAuthor | J70: =IFERROR(__xludf.DUMMYFUNCTION("""COMPUTED_VALUE"""),FALSE) -> FALSE | K70: =IFERROR(__xludf.DUMMYFUNCTION("""COMPUTED_VALUE"""),FALSE) -> FALSE | L70: =IFERROR(__xludf.DUMMYFUNCTION("""COMPUTED_VALUE"""),45241) -> 45241 | M70: =IFERROR(__xludf.DUMMYFUNCTION("""COMPUTED_VALUE"""),"International") -> International | N70: =IFERROR(__xludf.DUMMYFUNCTION("""COMPUTED_VALUE"""),1) -> 1 | O70: =IFERROR(__xludf.DUMMYFUNCTION("""COMPUTED_VALUE"""),2.3) -> 2.3 | P70: =IFERROR(__xludf.DUMMYFUNCTION("""COMPUTED_VALUE"""),"Yes") -> Yes | Q70: =IFERROR(__xludf.DUMMYFUNCTION("""COMPUTED_VALUE"""),"Yes") -> Yes | R70: =IFERROR(__xludf.DUMMYFUNCTION("""COMPUTED_VALUE"""),"ภาควิชากายวิภาคศาสตร์") -> ภาควิชากายวิภาคศาสตร์ | S70: =IFERROR(__xludf.DUMMYFUNCTION("""COMPUTED_VALUE"""),43) -> 43 | T70: =IFERROR(__xludf.DUMMYFUNCTION("""COMPUTED_VALUE"""),"November") -> November
A71: =IFERROR(__xludf.DUMMYFUNCTION("""COMPUTED_VALUE"""),2023) -> 2023 | B71: =IFERROR(__xludf.DUMMYFUNCTION("""COMPUTED_VALUE"""),626) -> 626 | C71: =IFERROR(__xludf.DUMMYFUNCTION("""COMPUTED_VALUE"""),"Effect of Exercise in a Vector-protected Arena for Preventing African Horse Sickness Transmission on Physiological, Biochemical, and Behavioural Variables of Horses") -> Effect of Exercise in a Vector-protected Arena for Preventing African Horse Sickness Transmission on Physiological, Biochemical, and Behavioural Variables of Horses | D71: =IFERROR(__xludf.DUMMYFUNCTION("""COMPUTED_VALUE"""),5) -> 5 | E71: =IFERROR(__xludf.DUMMYFUNCTION("""COMPUTED_VALUE"""),"2023.626") -> 2023.626 | F71: =IFERROR(__xludf.DUMMYFUNCTION("""COMPUTED_VALUE"""),"Horse") -> Horse | G71: =IFERROR(__xludf.DUMMYFUNCTION("""COMPUTED_VALUE"""),"Journal of Equine Veterinary Science") -> Journal of Equine Veterinary Science | H71: =IFERROR(__xludf.DUMMYFUNCTION("""COMPUTED_VALUE"""),"Metha Chanda") -> Metha Chanda | I71: =IFERROR(__xludf.DUMMYFUNCTION("""COMPUTED_VALUE"""),"CorrespondingAuthor") -> CorrespondingAuthor | J71: =IFERROR(__xludf.DUMMYFUNCTION("""COMPUTED_VALUE"""),FALSE) -> FALSE | K71: =IFERROR(__xludf.DUMMYFUNCTION("""COMPUTED_VALUE"""),FALSE) -> FALSE | L71: =IFERROR(__xludf.DUMMYFUNCTION("""COMPUTED_VALUE"""),45253) -> 45253 | M71: =IFERROR(__xludf.DUMMYFUNCTION("""COMPUTED_VALUE"""),"International") -> International | N71: =IFERROR(__xludf.DUMMYFUNCTION("""COMPUTED_VALUE"""),3) -> 3 | O71: =IFERROR(__xludf.DUMMYFUNCTION("""COMPUTED_VALUE"""),1.368) -> 1.368 | P71: =IFERROR(__xludf.DUMMYFUNCTION("""COMPUTED_VALUE"""),"Yes") -> Yes | Q71: =IFERROR(__xludf.DUMMYFUNCTION("""COMPUTED_VALUE"""),"Yes") -> Yes | R71: =IFERROR(__xludf.DUMMYFUNCTION("""COMPUTED_VALUE"""),"ภาควิชาเวชศาสตร์คลินิกสัตว์ใหญ่และสัตว์ป่า") -> ภาควิชาเวชศาสตร์คลินิกสัตว์ใหญ่และสัตว์ป่า | S71: =IFERROR(__xludf.DUMMYFUNCTION("""COMPUTED_VALUE"""),47) -> 47 | T71: =IFERROR(__xludf.DUMMYFUNCTION("""COMPUTED_VALUE"""),"November") -> November
A72: =IFERROR(__xludf.DUMMYFUNCTION("""COMPUTED_VALUE"""),2023) -> 2023 | B72: =IFERROR(__xludf.DUMMYFUNCTION("""COMPUTED_VALUE"""),627) -> 627 | C72: =IFERROR(__xludf.DUMMYFUNCTION("""COMPUTED_VALUE"""),"Bacterial DNA and osteoarthritis in dogs with patellar luxation and cranial cruciate ligament rupture") -> Bacterial DNA and osteoarthritis in dogs with patellar luxation and cranial cruciate ligament rupture | D72: =IFERROR(__xludf.DUMMYFUNCTION("""COMPUTED_VALUE"""),5) -> 5 | E72: =IFERROR(__xludf.DUMMYFUNCTION("""COMPUTED_VALUE"""),"2023.627") -> 2023.627 | F72: =IFERROR(__xludf.DUMMYFUNCTION("""COMPUTED_VALUE"""),"Dog") -> Dog | G72: =IFERROR(__xludf.DUMMYFUNCTION("""COMPUTED_VALUE"""),"Veterinary World") -> Veterinary World | H72: =IFERROR(__xludf.DUMMYFUNCTION("""COMPUTED_VALUE"""),"Naris Thengchaisri") -> Naris Thengchaisri | I72: =IFERROR(__xludf.DUMMYFUNCTION("""COMPUTED_VALUE"""),"CorrespondingAuthor") -> CorrespondingAuthor | J72: =IFERROR(__xludf.DUMMYFUNCTION("""COMPUTED_VALUE"""),FALSE) -> FALSE | K72: =IFERROR(__xludf.DUMMYFUNCTION("""COMPUTED_VALUE"""),FALSE) -> FALSE | L72: =IFERROR(__xludf.DUMMYFUNCTION("""COMPUTED_VALUE"""),45206) -> 45206 | M72: =IFERROR(__xludf.DUMMYFUNCTION("""COMPUTED_VALUE"""),"International") -> International | N72: =IFERROR(__xludf.DUMMYFUNCTION("""COMPUTED_VALUE"""),2) -> 2 | O72: =IFERROR(__xludf.DUMMYFUNCTION("""COMPUTED_VALUE"""),2.11) -> 2.11 | P72: =IFERROR(__xludf.DUMMYFUNCTION("""COMPUTED_VALUE"""),"No") -> No | Q72: =IFERROR(__xludf.DUMMYFUNCTION("""COMPUTED_VALUE"""),"Yes") -> Yes | R72: =IFERROR(__xludf.DUMMYFUNCTION("""COMPUTED_VALUE"""),"ภาควิชาเวชศาสตร์คลินิกสัตว์เลี้ยง") -> ภาควิชาเวชศาสตร์คลินิกสัตว์เลี้ยง | S72: =IFERROR(__xludf.DUMMYFUNCTION("""COMPUTED_VALUE"""),52) -> 52 | T72: =IFERROR(__xludf.DUMMYFUNCTION("""COMPUTED_VALUE"""),"October") -> October
A73: =IFERROR(__xludf.DUMMYFUNCTION("""COMPUTED_VALUE"""),1899) -> 1899 | E73: =IFERROR(__xludf.DUMMYFUNCTION("""COMPUTED_VALUE"""),"1899.") -> 1899.
A74: =IFERROR(__xludf.DUMMYFUNCTION("""COMPUTED_VALUE"""),2023) -> 2023 | B74: =IFERROR(__xludf.DUMMYFUNCTION("""COMPUTED_VALUE"""),628) -> 628 | C74: =IFERROR(__xludf.DUMMYFUNCTION("""COMPUTED_VALUE"""),"Small Molecules Targeting 3C Protease Inhibit FMDV Replication and Exhibit Virucidal Effect in Cell-Based Assays") -> Small Molecules Targeting 3C Protease Inhibit FMDV Replication and Exhibit Virucidal Effect in Cell-Based Assays | D74: =IFERROR(__xludf.DUMMYFUNCTION("""COMPUTED_VALUE"""),2) -> 2 | E74: =IFERROR(__xludf.DUMMYFUNCTION("""COMPUTED_VALUE"""),"2023.628") -> 2023.628 | F74: =IFERROR(__xludf.DUMMYFUNCTION("""COMPUTED_VALUE"""),"Cell") -> Cell | G74: =IFERROR(__xludf.DUMMYFUNCTION("""COMPUTED_VALUE"""),"Viruses") -> Viruses | H74: =IFERROR(__xludf.DUMMYFUNCTION("""COMPUTED_VALUE"""),"Sirin Theerawatanasirikul") -> Sirin Theerawatanasirikul | I74: =IFERROR(__xludf.DUMMYFUNCTION("""COMPUTED_VALUE"""),"FirstAuthor&CorrespondingAuthor") -> FirstAuthor&CorrespondingAuthor | J74: =IFERROR(__xludf.DUMMYFUNCTION("""COMPUTED_VALUE"""),FALSE) -> FALSE | K74: =IFERROR(__xludf.DUMMYFUNCTION("""COMPUTED_VALUE"""),FALSE) -> FALSE | L74: =IFERROR(__xludf.DUMMYFUNCTION("""COMPUTED_VALUE"""),45175) -> 45175 | M74: =IFERROR(__xludf.DUMMYFUNCTION("""COMPUTED_VALUE"""),"International") -> International | N74: =IFERROR(__xludf.DUMMYFUNCTION("""COMPUTED_VALUE"""),1) -> 1 | O74: =IFERROR(__xludf.DUMMYFUNCTION("""COMPUTED_VALUE"""),5.048) -> 5.048 | P74: =IFERROR(__xludf.DUMMYFUNCTION("""COMPUTED_VALUE"""),"Yes") -> Yes | Q74: =IFERROR(__xludf.DUMMYFUNCTION("""COMPUTED_VALUE"""),"Yes") -> Yes | R74: =IFERROR(__xludf.DUMMYFUNCTION("""COMPUTED_VALUE"""),"ภาควิชากายวิภาคศาสตร์") -> ภาควิชากายวิภาคศาสตร์ | S74: =IFERROR(__xludf.DUMMYFUNCTION("""COMPUTED_VALUE"""),43) -> 43 | T74: =IFERROR(__xludf.DUMMYFUNCTION("""COMPUTED_VALUE"""),"September") -> September
A75: =IFERROR(__xludf.DUMMYFUNCTION("""COMPUTED_VALUE"""),2023) -> 2023 | B75: =IFERROR(__xludf.DUMMYFUNCTION("""COMPUTED_VALUE"""),629) -> 629 | C75: =IFERROR(__xludf.DUMMYFUNCTION("""COMPUTED_VALUE"""),"Tilapia lake virus causes mitochondrial damage: a proposed mechanism that leads to extensive death in fish cells") -> Tilapia lake virus causes mitochondrial damage: a proposed mechanism that leads to extensive death in fish cells | D75: =IFERROR(__xludf.DUMMYFUNCTION("""COMPUTED_VALUE"""),2) -> 2 | E75: =IFERROR(__xludf.DUMMYFUNCTION("""COMPUTED_VALUE"""),"2023.629") -> 2023.629 | F75: =IFERROR(__xludf.DUMMYFUNCTION("""COMPUTED_VALUE"""),"Fish") -> Fish | G75: =IFERROR(__xludf.DUMMYFUNCTION("""COMPUTED_VALUE"""),"PeerJ") -> PeerJ | H75: =IFERROR(__xludf.DUMMYFUNCTION("""COMPUTED_VALUE"""),"Win Surachetpong") -> Win Surachetpong | I75: =IFERROR(__xludf.DUMMYFUNCTION("""COMPUTED_VALUE"""),"CorrespondingAuthor") -> CorrespondingAuthor | J75: =IFERROR(__xludf.DUMMYFUNCTION("""COMPUTED_VALUE"""),FALSE) -> FALSE | K75: =IFERROR(__xludf.DUMMYFUNCTION("""COMPUTED_VALUE"""),FALSE) -> FALSE | L75: =IFERROR(__xludf.DUMMYFUNCTION("""COMPUTED_VALUE"""),45204) -> 45204 | M75: =IFERROR(__xludf.DUMMYFUNCTION("""COMPUTED_VALUE"""),"International") -> International | N75: =IFERROR(__xludf.DUMMYFUNCTION("""COMPUTED_VALUE"""),1) -> 1 | O75: =IFERROR(__xludf.DUMMYFUNCTION("""COMPUTED_VALUE"""),2.98) -> 2.98 | P75: =IFERROR(__xludf.DUMMYFUNCTION("""COMPUTED_VALUE"""),"Yes") -> Yes | Q75: =IFERROR(__xludf.DUMMYFUNCTION("""COMPUTED_VALUE"""),"Yes") -> Yes | R75: =IFERROR(__xludf.DUMMYFUNCTION("""COMPUTED_VALUE"""),"ภาควิชาจุลชีววิทยาและวิทยาฯ") -> ภาควิชาจุลชีววิทยาและวิทยาฯ | S75: =IFERROR(__xludf.DUMMYFUNCTION("""COMPUTED_VALUE"""),48) -> 48 | T75: =IFERROR(__xludf.DUMMYFUNCTION("""COMPUTED_VALUE"""),"October") -> October
A76: =IFERROR(__xludf.DUMMYFUNCTION("""COMPUTED_VALUE"""),2023) -> 2023 | B76: =IFERROR(__xludf.DUMMYFUNCTION("""COMPUTED_VALUE"""),630) -> 630 | C76: =IFERROR(__xludf.DUMMYFUNCTION("""COMPUTED_VALUE"""),"Characteristics of canine oral tumors: Insights into prevalence, types, and lesion distribution") -> Characteristics of canine oral tumors: Insights into prevalence, types, and lesion distribution | D76: =IFERROR(__xludf.DUMMYFUNCTION("""COMPUTED_VALUE"""),5) -> 5 | E76: =IFERROR(__xludf.DUMMYFUNCTION("""COMPUTED_VALUE"""),"2023.630") -> 2023.630 | F76: =IFERROR(__xludf.DUMMYFUNCTION("""COMPUTED_VALUE"""),"Dog") -> Dog | G76: =IFERROR(__xludf.DUMMYFUNCTION("""COMPUTED_VALUE"""),"Journal of Advanced Veterinary and Animal Research") -> Journal of Advanced Veterinary and Animal Research | H76: =IFERROR(__xludf.DUMMYFUNCTION("""COMPUTED_VALUE"""),"Chakkarin Satthathum") -> Chakkarin Satthathum | I76: =IFERROR(__xludf.DUMMYFUNCTION("""COMPUTED_VALUE"""),"FirstAuthor") -> FirstAuthor | J76: =IFERROR(__xludf.DUMMYFUNCTION("""COMPUTED_VALUE"""),FALSE) -> FALSE | K76: =IFERROR(__xludf.DUMMYFUNCTION("""COMPUTED_VALUE"""),FALSE) -> FALSE | L76: =IFERROR(__xludf.DUMMYFUNCTION("""COMPUTED_VALUE"""),45199) -> 45199 | M76: =IFERROR(__xludf.DUMMYFUNCTION("""COMPUTED_VALUE"""),"International") -> International | N76: =IFERROR(__xludf.DUMMYFUNCTION("""COMPUTED_VALUE"""),3) -> 3 | O76: =IFERROR(__xludf.DUMMYFUNCTION("""COMPUTED_VALUE"""),1.35) -> 1.35 | P76: =IFERROR(__xludf.DUMMYFUNCTION("""COMPUTED_VALUE"""),"Yes") -> Yes | Q76: =IFERROR(__xludf.DUMMYFUNCTION("""COMPUTED_VALUE"""),"Yes") -> Yes | R76: =IFERROR(__xludf.DUMMYFUNCTION("""COMPUTED_VALUE"""),"โรงพยาบาลสัตว์ มก. บางเขน") -> โรงพยาบาลสัตว์ มก. บางเขน | S76: =IFERROR(__xludf.DUMMYFUNCTION("""COMPUTED_VALUE"""),44) -> 44 | T76: =IFERROR(__xludf.DUMMYFUNCTION("""COMPUTED_VALUE"""),"September") -> September
A77: =IFERROR(__xludf.DUMMYFUNCTION("""COMPUTED_VALUE"""),2023) -> 2023 | B77: =IFERROR(__xludf.DUMMYFUNCTION("""COMPUTED_VALUE"""),631) -> 631 | C77: =IFERROR(__xludf.DUMMYFUNCTION("""COMPUTED_VALUE"""),"Elution profiles of metronidazole from calcium sulfate beads") -> Elution profiles of metronidazole from calcium sulfate beads | D77: =IFERROR(__xludf.DUMMYFUNCTION("""COMPUTED_VALUE"""),2) -> 2 | E77: =IFERROR(__xludf.DUMMYFUNCTION("""COMPUTED_VALUE"""),"2023.631") -> 2023.631 | F77: =IFERROR(__xludf.DUMMYFUNCTION("""COMPUTED_VALUE"""),"Lab") -> Lab | G77: =IFERROR(__xludf.DUMMYFUNCTION("""COMPUTED_VALUE"""),"Journal of Veterinary Science") -> Journal of Veterinary Science | H77: =IFERROR(__xludf.DUMMYFUNCTION("""COMPUTED_VALUE"""),"Pareeya Udomkusonsri") -> Pareeya Udomkusonsri | I77: =IFERROR(__xludf.DUMMYFUNCTION("""COMPUTED_VALUE"""),"CorrespondingAuthor") -> CorrespondingAuthor | J77: =IFERROR(__xludf.DUMMYFUNCTION("""COMPUTED_VALUE"""),FALSE) -> FALSE | K77: =IFERROR(__xludf.DUMMYFUNCTION("""COMPUTED_VALUE"""),FALSE) -> FALSE | L77: =IFERROR(__xludf.DUMMYFUNCTION("""COMPUTED_VALUE"""),45187) -> 45187 | M77: =IFERROR(__xludf.DUMMYFUNCTION("""COMPUTED_VALUE"""),"International") -> International | N77: =IFERROR(__xludf.DUMMYFUNCTION("""COMPUTED_VALUE"""),2) -> 2 | O77: =IFERROR(__xludf.DUMMYFUNCTION("""COMPUTED_VALUE"""),1.672) -> 1.672 | P77: =IFERROR(__xludf.DUMMYFUNCTION("""COMPUTED_VALUE"""),"Yes") -> Yes | Q77: =IFERROR(__xludf.DUMMYFUNCTION("""COMPUTED_VALUE"""),"Yes") -> Yes | R77: =IFERROR(__xludf.DUMMYFUNCTION("""COMPUTED_VALUE"""),"ภาควิชาเภสัชวิทยา") -> ภาควิชาเภสัชวิทยา | S77: =IFERROR(__xludf.DUMMYFUNCTION("""COMPUTED_VALUE"""),57) -> 57 | T77: =IFERROR(__xludf.DUMMYFUNCTION("""COMPUTED_VALUE"""),"September") -> September
A78: =IFERROR(__xludf.DUMMYFUNCTION("""COMPUTED_VALUE"""),2023) -> 2023 | B78: =IFERROR(__xludf.DUMMYFUNCTION("""COMPUTED_VALUE"""),632) -> 632 | C78: =IFERROR(__xludf.DUMMYFUNCTION("""COMPUTED_VALUE"""),"Exploration of the novel fluoroquinolones with high inhibitory effect against quinolone-resistant DNA gyrase of Salmonella Typhimurium") -> Exploration of the novel fluoroquinolones with high inhibitory effect against quinolone-resistant DNA gyrase of Salmonella Typhimurium | D78: =IFERROR(__xludf.DUMMYFUNCTION("""COMPUTED_VALUE"""),2) -> 2 | E78: =IFERROR(__xludf.DUMMYFUNCTION("""COMPUTED_VALUE"""),"2023.632") -> 2023.632 | F78: =IFERROR(__xludf.DUMMYFUNCTION("""COMPUTED_VALUE"""),"Bacteria") -> Bacteria | G78: =IFERROR(__xludf.DUMMYFUNCTION("""COMPUTED_VALUE"""),"Microbiology Spectrum") -> Microbiology Spectrum | H78: =IFERROR(__xludf.DUMMYFUNCTION("""COMPUTED_VALUE"""),"Siriporn Kongsoi") -> Siriporn Kongsoi | I78: =IFERROR(__xludf.DUMMYFUNCTION("""COMPUTED_VALUE"""),"CoAuthor") -> CoAuthor | J78: =IFERROR(__xludf.DUMMYFUNCTION("""COMPUTED_VALUE"""),FALSE) -> FALSE | K78: =IFERROR(__xludf.DUMMYFUNCTION("""COMPUTED_VALUE"""),FALSE) -> FALSE | L78: =IFERROR(__xludf.DUMMYFUNCTION("""COMPUTED_VALUE"""),45204) -> 45204 | M78: =IFERROR(__xludf.DUMMYFUNCTION("""COMPUTED_VALUE"""),"International") -> International | N78: =IFERROR(__xludf.DUMMYFUNCTION("""COMPUTED_VALUE"""),1) -> 1 | O78: =IFERROR(__xludf.DUMMYFUNCTION("""COMPUTED_VALUE"""),9.043) -> 9.043 | P78: =IFERROR(__xludf.DUMMYFUNCTION("""COMPUTED_VALUE"""),"Yes") -> Yes | Q78: =IFERROR(__xludf.DUMMYFUNCTION("""COMPUTED_VALUE"""),"Yes") -> Yes | R78: =IFERROR(__xludf.DUMMYFUNCTION("""COMPUTED_VALUE"""),"ภาควิชาสัตวแพทยสาธารณสุขศาสตร์") -> ภาควิชาสัตวแพทยสาธารณสุขศาสตร์ | S78: =IFERROR(__xludf.DUMMYFUNCTION("""COMPUTED_VALUE"""),47) -> 47 | T78: =IFERROR(__xludf.DUMMYFUNCTION("""COMPUTED_VALUE"""),"October") -> October
A79: =IFERROR(__xludf.DUMMYFUNCTION("""COMPUTED_VALUE"""),2023) -> 2023 | B79: =IFERROR(__xludf.DUMMYFUNCTION("""COMPUTED_VALUE"""),633) -> 633 | C79: =IFERROR(__xludf.DUMMYFUNCTION("""COMPUTED_VALUE"""),"Serum Bile Acids Concentrations and Liver Enzyme Activities after Low-Dose Trilostane in Dogs with Hyperadrenocorticism") -> Serum Bile Acids Concentrations and Liver Enzyme Activities after Low-Dose Trilostane in Dogs with Hyperadrenocorticism | D79: =IFERROR(__xludf.DUMMYFUNCTION("""COMPUTED_VALUE"""),5) -> 5 | E79: =IFERROR(__xludf.DUMMYFUNCTION("""COMPUTED_VALUE"""),"2023.633") -> 2023.633 | F79: =IFERROR(__xludf.DUMMYFUNCTION("""COMPUTED_VALUE"""),"Dog") -> Dog | G79: =IFERROR(__xludf.DUMMYFUNCTION("""COMPUTED_VALUE"""),"Animals") -> Animals | H79: =IFERROR(__xludf.DUMMYFUNCTION("""COMPUTED_VALUE"""),"Sathidpak Assawarachan") -> Sathidpak Assawarachan | I79: =IFERROR(__xludf.DUMMYFUNCTION("""COMPUTED_VALUE"""),"CorrespondingAuthor") -> CorrespondingAuthor | J79: =IFERROR(__xludf.DUMMYFUNCTION("""COMPUTED_VALUE"""),FALSE) -> FALSE | K79: =IFERROR(__xludf.DUMMYFUNCTION("""COMPUTED_VALUE"""),FALSE) -> FALSE | L79: =IFERROR(__xludf.DUMMYFUNCTION("""COMPUTED_VALUE"""),45217) -> 45217 | M79: =IFERROR(__xludf.DUMMYFUNCTION("""COMPUTED_VALUE"""),"International") -> International | N79: =IFERROR(__xludf.DUMMYFUNCTION("""COMPUTED_VALUE"""),1) -> 1 | O79: =IFERROR(__xludf.DUMMYFUNCTION("""COMPUTED_VALUE"""),2.752) -> 2.752 | P79: =IFERROR(__xludf.DUMMYFUNCTION("""COMPUTED_VALUE"""),"Yes") -> Yes | Q79: =IFERROR(__xludf.DUMMYFUNCTION("""COMPUTED_VALUE"""),"Yes") -> Yes | R79: =IFERROR(__xludf.DUMMYFUNCTION("""COMPUTED_VALUE"""),"ภาควิชาเวชศาสตร์คลินิกสัตว์เลี้ยง") -> ภาควิชาเวชศาสตร์คลินิกสัตว์เลี้ยง | S79: =IFERROR(__xludf.DUMMYFUNCTION("""COMPUTED_VALUE"""),42) -> 42 | T79: =IFERROR(__xludf.DUMMYFUNCTION("""COMPUTED_VALUE"""),"October") -> October
A80: =IFERROR(__xludf.DUMMYFUNCTION("""COMPUTED_VALUE"""),2023) -> 2023 | B80: =IFERROR(__xludf.DUMMYFUNCTION("""COMPUTED_VALUE"""),634) -> 634 | C80: =IFERROR(__xludf.DUMMYFUNCTION("""COMPUTED_VALUE"""),"Non-targeted proteomic analysis of Asian elephant (Elephas maximus) seminal plasma using an in-solution digestion technique and liquid chromatography tandem-mass spectrometry") -> Non-targeted proteomic analysis of Asian elephant (Elephas maximus) seminal plasma using an in-solution digestion technique and liquid chromatography tandem-mass spectrometry | D80: =IFERROR(__xludf.DUMMYFUNCTION("""COMPUTED_VALUE"""),2) -> 2 | E80: =IFERROR(__xludf.DUMMYFUNCTION("""COMPUTED_VALUE"""),"2023.634") -> 2023.634 | F80: =IFERROR(__xludf.DUMMYFUNCTION("""COMPUTED_VALUE"""),"Elephant") -> Elephant | G80: =IFERROR(__xludf.DUMMYFUNCTION("""COMPUTED_VALUE"""),"Frontiers in Veterinary Science") -> Frontiers in Veterinary Science | H80: =IFERROR(__xludf.DUMMYFUNCTION("""COMPUTED_VALUE"""),"Podjana Wattananit") -> Podjana Wattananit | I80: =IFERROR(__xludf.DUMMYFUNCTION("""COMPUTED_VALUE"""),"FirstAuthor&CorrespondingAuthor") -> FirstAuthor&CorrespondingAuthor | J80: =IFERROR(__xludf.DUMMYFUNCTION("""COMPUTED_VALUE"""),FALSE) -> FALSE | K80: =IFERROR(__xludf.DUMMYFUNCTION("""COMPUTED_VALUE"""),FALSE) -> FALSE | L80: =IFERROR(__xludf.DUMMYFUNCTION("""COMPUTED_VALUE"""),45218) -> 45218 | M80: =IFERROR(__xludf.DUMMYFUNCTION("""COMPUTED_VALUE"""),"International") -> International | N80: =IFERROR(__xludf.DUMMYFUNCTION("""COMPUTED_VALUE"""),1) -> 1 | O80: =IFERROR(__xludf.DUMMYFUNCTION("""COMPUTED_VALUE"""),3.12) -> 3.12 | P80: =IFERROR(__xludf.DUMMYFUNCTION("""COMPUTED_VALUE"""),"No") -> No | Q80: =IFERROR(__xludf.DUMMYFUNCTION("""COMPUTED_VALUE"""),"Yes") -> Yes | R80: =IFERROR(__xludf.DUMMYFUNCTION("""COMPUTED_VALUE"""),"ภาควิชากายวิภาคศาสตร์") -> ภาควิชากายวิภาคศาสตร์ | S80: =IFERROR(__xludf.DUMMYFUNCTION("""COMPUTED_VALUE"""),"Retire") -> Retire | T80: =IFERROR(__xludf.DUMMYFUNCTION("""COMPUTED_VALUE"""),"October") -> October
A81: =IFERROR(__xludf.DUMMYFUNCTION("""COMPUTED_VALUE"""),2023) -> 2023 | B81: =IFERROR(__xludf.DUMMYFUNCTION("""COMPUTED_VALUE"""),635) -> 635 | C81: =IFERROR(__xludf.DUMMYFUNCTION("""COMPUTED_VALUE"""),"From Protected Habitat to Agricultural Land: Dogs and Small Mammals Link Habitats in Northern Thailand") -> From Protected Habitat to Agricultural Land: Dogs and Small Mammals Link Habitats in Northern Thailand | D81: =IFERROR(__xludf.DUMMYFUNCTION("""COMPUTED_VALUE"""),2) -> 2 | E81: =IFERROR(__xludf.DUMMYFUNCTION("""COMPUTED_VALUE"""),"2023.635") -> 2023.635 | F81: =IFERROR(__xludf.DUMMYFUNCTION("""COMPUTED_VALUE"""),"Dog") -> Dog | G81: =IFERROR(__xludf.DUMMYFUNCTION("""COMPUTED_VALUE"""),"Ecologies") -> Ecologies | H81: =IFERROR(__xludf.DUMMYFUNCTION("""COMPUTED_VALUE"""),"Waraphon Phimpraphai") -> Waraphon Phimpraphai | I81: =IFERROR(__xludf.DUMMYFUNCTION("""COMPUTED_VALUE"""),"CoAuthor") -> CoAuthor | J81: =IFERROR(__xludf.DUMMYFUNCTION("""COMPUTED_VALUE"""),FALSE) -> FALSE | K81: =IFERROR(__xludf.DUMMYFUNCTION("""COMPUTED_VALUE"""),FALSE) -> FALSE | L81: =IFERROR(__xludf.DUMMYFUNCTION("""COMPUTED_VALUE"""),45214) -> 45214 | M81: =IFERROR(__xludf.DUMMYFUNCTION("""COMPUTED_VALUE"""),"International") -> International | N81: =IFERROR(__xludf.DUMMYFUNCTION("""COMPUTED_VALUE"""),0) -> 0 | O81: =IFERROR(__xludf.DUMMYFUNCTION("""COMPUTED_VALUE"""),0) -> 0 | P81: =IFERROR(__xludf.DUMMYFUNCTION("""COMPUTED_VALUE"""),"No") -> No | Q81: =IFERROR(__xludf.DUMMYFUNCTION("""COMPUTED_VALUE"""),"Yes") -> Yes | R81: =IFERROR(__xludf.DUMMYFUNCTION("""COMPUTED_VALUE"""),"ภาควิชาสัตวแพทยสาธารณสุขศาสตร์") -> ภาควิชาสัตวแพทยสาธารณสุขศาสตร์ | S81: =IFERROR(__xludf.DUMMYFUNCTION("""COMPUTED_VALUE"""),50) -> 50 | T81: =IFERROR(__xludf.DUMMYFUNCTION("""COMPUTED_VALUE"""),"October") -> October
A82: =IFERROR(__xludf.DUMMYFUNCTION("""COMPUTED_VALUE"""),2023) -> 2023 | B82: =IFERROR(__xludf.DUMMYFUNCTION("""COMPUTED_VALUE"""),636) -> 636 | C82: =IFERROR(__xludf.DUMMYFUNCTION("""COMPUTED_VALUE"""),"Corneal stromal abscess in a captive Asian elephant: diagnosis and treatment regimes") -> Corneal stromal abscess in a captive Asian elephant: diagnosis and treatment regimes | D82: =IFERROR(__xludf.DUMMYFUNCTION("""COMPUTED_VALUE"""),5) -> 5 | E82: =IFERROR(__xludf.DUMMYFUNCTION("""COMPUTED_VALUE"""),"2023.636") -> 2023.636 | F82: =IFERROR(__xludf.DUMMYFUNCTION("""COMPUTED_VALUE"""),"Elephant") -> Elephant | G82: =IFERROR(__xludf.DUMMYFUNCTION("""COMPUTED_VALUE"""),"Veterinary Integrative Sciences") -> Veterinary Integrative Sciences | H82: =IFERROR(__xludf.DUMMYFUNCTION("""COMPUTED_VALUE"""),"Supaphen Sripiboon") -> Supaphen Sripiboon | I82: =IFERROR(__xludf.DUMMYFUNCTION("""COMPUTED_VALUE"""),"FirstAuthor") -> FirstAuthor | J82: =IFERROR(__xludf.DUMMYFUNCTION("""COMPUTED_VALUE"""),FALSE) -> FALSE | K82: =IFERROR(__xludf.DUMMYFUNCTION("""COMPUTED_VALUE"""),FALSE) -> FALSE | L82: =IFERROR(__xludf.DUMMYFUNCTION("""COMPUTED_VALUE"""),45066) -> 45066 | M82: =IFERROR(__xludf.DUMMYFUNCTION("""COMPUTED_VALUE"""),"International") -> International | N82: =IFERROR(__xludf.DUMMYFUNCTION("""COMPUTED_VALUE"""),4) -> 4 | O82: =IFERROR(__xludf.DUMMYFUNCTION("""COMPUTED_VALUE"""),0) -> 0 | P82: =IFERROR(__xludf.DUMMYFUNCTION("""COMPUTED_VALUE"""),"No") -> No | Q82: =IFERROR(__xludf.DUMMYFUNCTION("""COMPUTED_VALUE"""),"Yes") -> Yes | R82: =IFERROR(__xludf.DUMMYFUNCTION("""COMPUTED_VALUE"""),"ภาควิชาเวชศาสตร์คลินิกสัตว์ใหญ่และสัตว์ป่า") -> ภาควิชาเวชศาสตร์คลินิกสัตว์ใหญ่และสัตว์ป่า | S82: =IFERROR(__xludf.DUMMYFUNCTION("""COMPUTED_VALUE"""),41) -> 41 | T82: =IFERROR(__xludf.DUMMYFUNCTION("""COMPUTED_VALUE"""),"May") -> May
A83: =IFERROR(__xludf.DUMMYFUNCTION("""COMPUTED_VALUE"""),2023) -> 2023 | B83: =IFERROR(__xludf.DUMMYFUNCTION("""COMPUTED_VALUE"""),637) -> 637 | C83: =IFERROR(__xludf.DUMMYFUNCTION("""COMPUTED_VALUE"""),"Effectiveness of gilt acclimatization – improvement procedures in a farm with recurrent outbreaks of porcine epidemic diarrhea") -> Effectiveness of gilt acclimatization – improvement procedures in a farm with recurrent outbreaks of porcine epidemic diarrhea | D83: =IFERROR(__xludf.DUMMYFUNCTION("""COMPUTED_VALUE"""),2) -> 2 | E83: =IFERROR(__xludf.DUMMYFUNCTION("""COMPUTED_VALUE"""),"2023.637") -> 2023.637 | F83: =IFERROR(__xludf.DUMMYFUNCTION("""COMPUTED_VALUE"""),"Porcine ") -> Porcine | G83: =IFERROR(__xludf.DUMMYFUNCTION("""COMPUTED_VALUE"""),"Veterinary World") -> Veterinary World | H83: =IFERROR(__xludf.DUMMYFUNCTION("""COMPUTED_VALUE"""),"Yonlayong Woonwong") -> Yonlayong Woonwong | I83: =IFERROR(__xludf.DUMMYFUNCTION("""COMPUTED_VALUE"""),"CorrespondingAuthor") -> CorrespondingAuthor | J83: =IFERROR(__xludf.DUMMYFUNCTION("""COMPUTED_VALUE"""),FALSE) -> FALSE | K83: =IFERROR(__xludf.DUMMYFUNCTION("""COMPUTED_VALUE"""),TRUE) -> TRUE | L83: =IFERROR(__xludf.DUMMYFUNCTION("""COMPUTED_VALUE"""),45162) -> 45162 | M83: =IFERROR(__xludf.DUMMYFUNCTION("""COMPUTED_VALUE"""),"International") -> International | N83: =IFERROR(__xludf.DUMMYFUNCTION("""COMPUTED_VALUE"""),2) -> 2 | O83: =IFERROR(__xludf.DUMMYFUNCTION("""COMPUTED_VALUE"""),2.11) -> 2.11 | P83: =IFERROR(__xludf.DUMMYFUNCTION("""COMPUTED_VALUE"""),"No") -> No | Q83: =IFERROR(__xludf.DUMMYFUNCTION("""COMPUTED_VALUE"""),"Yes") -> Yes | R83: =IFERROR(__xludf.DUMMYFUNCTION("""COMPUTED_VALUE"""),"ภาควิชาเวชศาสตร์และทรัพยากรการผลิตสัตว์") -> ภาควิชาเวชศาสตร์และทรัพยากรการผลิตสัตว์ | S83: =IFERROR(__xludf.DUMMYFUNCTION("""COMPUTED_VALUE"""),40) -> 40 | T83: =IFERROR(__xludf.DUMMYFUNCTION("""COMPUTED_VALUE"""),"August") -> August
A84: =IFERROR(__xludf.DUMMYFUNCTION("""COMPUTED_VALUE"""),2023) -> 2023 | B84: =IFERROR(__xludf.DUMMYFUNCTION("""COMPUTED_VALUE"""),638) -> 638 | C84: =IFERROR(__xludf.DUMMYFUNCTION("""COMPUTED_VALUE"""),"ICTV Virus Taxonomy Profile: Amnoonviridae 2023") -> ICTV Virus Taxonomy Profile: Amnoonviridae 2023 | D84: =IFERROR(__xludf.DUMMYFUNCTION("""COMPUTED_VALUE"""),2) -> 2 | E84: =IFERROR(__xludf.DUMMYFUNCTION("""COMPUTED_VALUE"""),"2023.638") -> 2023.638 | F84: =IFERROR(__xludf.DUMMYFUNCTION("""COMPUTED_VALUE"""),"Fish") -> Fish | G84: =IFERROR(__xludf.DUMMYFUNCTION("""COMPUTED_VALUE"""),"Journal of General Virology") -> Journal of General Virology | H84: =IFERROR(__xludf.DUMMYFUNCTION("""COMPUTED_VALUE"""),"Win Surachetpong") -> Win Surachetpong | I84: =IFERROR(__xludf.DUMMYFUNCTION("""COMPUTED_VALUE"""),"CoAuthor") -> CoAuthor | J84: =IFERROR(__xludf.DUMMYFUNCTION("""COMPUTED_VALUE"""),FALSE) -> FALSE | K84: =IFERROR(__xludf.DUMMYFUNCTION("""COMPUTED_VALUE"""),FALSE) -> FALSE | L84: =IFERROR(__xludf.DUMMYFUNCTION("""COMPUTED_VALUE"""),45223) -> 45223 | M84: =IFERROR(__xludf.DUMMYFUNCTION("""COMPUTED_VALUE"""),"International") -> International | N84: =IFERROR(__xludf.DUMMYFUNCTION("""COMPUTED_VALUE"""),2) -> 2 | O84: =IFERROR(__xludf.DUMMYFUNCTION("""COMPUTED_VALUE"""),2.7) -> 2.7 | P84: =IFERROR(__xludf.DUMMYFUNCTION("""COMPUTED_VALUE"""),"Yes") -> Yes | Q84: =IFERROR(__xludf.DUMMYFUNCTION("""COMPUTED_VALUE"""),"Yes") -> Yes | R84: =IFERROR(__xludf.DUMMYFUNCTION("""COMPUTED_VALUE"""),"ภาควิชาจุลชีววิทยาและวิทยาฯ") -> ภาควิชาจุลชีววิทยาและวิทยาฯ | S84: =IFERROR(__xludf.DUMMYFUNCTION("""COMPUTED_VALUE"""),48) -> 48 | T84: =IFERROR(__xludf.DUMMYFUNCTION("""COMPUTED_VALUE"""),"October") -> October
A85: =IFERROR(__xludf.DUMMYFUNCTION("""COMPUTED_VALUE"""),2023) -> 2023 | B85: =IFERROR(__xludf.DUMMYFUNCTION("""COMPUTED_VALUE"""),639) -> 639 | C85: =IFERROR(__xludf.DUMMYFUNCTION("""COMPUTED_VALUE"""),"Avian influenza vaccine supply chain in Quang Ninh province, Vietnam, 2021") -> Avian influenza vaccine supply chain in Quang Ninh province, Vietnam, 2021 | D85: =IFERROR(__xludf.DUMMYFUNCTION("""COMPUTED_VALUE"""),4) -> 4 | E85: =IFERROR(__xludf.DUMMYFUNCTION("""COMPUTED_VALUE"""),"2023.639") -> 2023.639 | F85: =IFERROR(__xludf.DUMMYFUNCTION("""COMPUTED_VALUE"""),"Avian") -> Avian | G85: =IFERROR(__xludf.DUMMYFUNCTION("""COMPUTED_VALUE"""),"Veterinary Integrative Sciences") -> Veterinary Integrative Sciences | H85: =IFERROR(__xludf.DUMMYFUNCTION("""COMPUTED_VALUE"""),"Manakorn Sukmak") -> Manakorn Sukmak | I85: =IFERROR(__xludf.DUMMYFUNCTION("""COMPUTED_VALUE"""),"CoAuthor") -> CoAuthor | J85: =IFERROR(__xludf.DUMMYFUNCTION("""COMPUTED_VALUE"""),FALSE) -> FALSE | K85: =IFERROR(__xludf.DUMMYFUNCTION("""COMPUTED_VALUE"""),FALSE) -> FALSE | L85: =IFERROR(__xludf.DUMMYFUNCTION("""COMPUTED_VALUE"""),45124) -> 45124 | M85: =IFERROR(__xludf.DUMMYFUNCTION("""COMPUTED_VALUE"""),"International") -> International | N85: =IFERROR(__xludf.DUMMYFUNCTION("""COMPUTED_VALUE"""),4) -> 4 | O85: =IFERROR(__xludf.DUMMYFUNCTION("""COMPUTED_VALUE"""),0) -> 0 | P85: =IFERROR(__xludf.DUMMYFUNCTION("""COMPUTED_VALUE"""),"No") -> No | Q85: =IFERROR(__xludf.DUMMYFUNCTION("""COMPUTED_VALUE"""),"Yes") -> Yes | R85: =IFERROR(__xludf.DUMMYFUNCTION("""COMPUTED_VALUE"""),"ภาควิชาเวชศาสตร์และทรัพยากรการผลิตสัตว์") -> ภาควิชาเวชศาสตร์และทรัพยากรการผลิตสัตว์ | S85: =IFERROR(__xludf.DUMMYFUNCTION("""COMPUTED_VALUE"""),42) -> 42 | T85: =IFERROR(__xludf.DUMMYFUNCTION("""COMPUTED_VALUE"""),"July") -> July
A86: =IFERROR(__xludf.DUMMYFUNCTION("""COMPUTED_VALUE"""),2023) -> 2023 | B86: =IFERROR(__xludf.DUMMYFUNCTION("""COMPUTED_VALUE"""),640) -> 640 | C86: =IFERROR(__xludf.DUMMYFUNCTION("""COMPUTED_VALUE"""),"The Impact of Substitutions at Positions 1 and 8 of Fluoroquinolones on the Activity Against Mutant DNA Gyrases of Salmonella Typhimurium") -> The Impact of Substitutions at Positions 1 and 8 of Fluoroquinolones on the Activity Against Mutant DNA Gyrases of Salmonella Typhimurium | D86: =IFERROR(__xludf.DUMMYFUNCTION("""COMPUTED_VALUE"""),2) -> 2 | E86: =IFERROR(__xludf.DUMMYFUNCTION("""COMPUTED_VALUE"""),"2023.640") -> 2023.640 | F86: =IFERROR(__xludf.DUMMYFUNCTION("""COMPUTED_VALUE"""),"Bacteria") -> Bacteria | G86: =IFERROR(__xludf.DUMMYFUNCTION("""COMPUTED_VALUE"""),"Microbial Drug Resistance") -> Microbial Drug Resistance | H86: =IFERROR(__xludf.DUMMYFUNCTION("""COMPUTED_VALUE"""),"Siriporn Kongsoi") -> Siriporn Kongsoi | I86: =IFERROR(__xludf.DUMMYFUNCTION("""COMPUTED_VALUE"""),"CoAuthor") -> CoAuthor | J86: =IFERROR(__xludf.DUMMYFUNCTION("""COMPUTED_VALUE"""),FALSE) -> FALSE | K86: =IFERROR(__xludf.DUMMYFUNCTION("""COMPUTED_VALUE"""),FALSE) -> FALSE | L86: =IFERROR(__xludf.DUMMYFUNCTION("""COMPUTED_VALUE"""),45268) -> 45268 | M86: =IFERROR(__xludf.DUMMYFUNCTION("""COMPUTED_VALUE"""),"International") -> International | N86: =IFERROR(__xludf.DUMMYFUNCTION("""COMPUTED_VALUE"""),2) -> 2 | O86: =IFERROR(__xludf.DUMMYFUNCTION("""COMPUTED_VALUE"""),3.431) -> 3.431 | P86: =IFERROR(__xludf.DUMMYFUNCTION("""COMPUTED_VALUE"""),"Yes") -> Yes | Q86: =IFERROR(__xludf.DUMMYFUNCTION("""COMPUTED_VALUE"""),"Yes") -> Yes | R86: =IFERROR(__xludf.DUMMYFUNCTION("""COMPUTED_VALUE"""),"ภาควิชาสัตวแพทยสาธารณสุขศาสตร์") -> ภาควิชาสัตวแพทยสาธารณสุขศาสตร์ | S86: =IFERROR(__xludf.DUMMYFUNCTION("""COMPUTED_VALUE"""),47) -> 47 | T86: =IFERROR(__xludf.DUMMYFUNCTION("""COMPUTED_VALUE"""),"December") -> December
